at_ms,speed_kph,soc_pct,battery_temp_min_c,battery_temp_max_c,battery_temp_avg_c,hv_power_kw,rpm,coolant_c,adapter_12v_v,ice_power_kw,idle_check_active
0,,,,,,,,,13.8,,
1003,26.0,67.45098039215686,,,,1.776,114.0,,13.8,0.2387610416728243,false
2050,23.0,67.45098039215686,,,,2.368,0.0,58.0,13.8,0.0,false
3125,22.0,67.45098039215686,21.76,23.65,22.45375,0.0,0.0,58.0,13.8,0.0,false
4197,16.0,67.45098039215686,21.76,23.65,22.45375,-4.896,0.0,58.0,13.8,0.0,false
5265,12.0,67.45098039215686,21.76,23.65,22.45375,-4.928,0.0,59.0,13.8,0.0,false
6395,8.0,67.45098039215686,21.76,23.65,22.45375,-1.224,0.0,59.0,13.8,0.0,false
7562,5.0,67.45098039215686,21.76,23.65,22.45375,0.6,0.0,59.0,13.8,0.0,false
8689,4.0,67.45098039215686,21.76,23.65,22.45375,3.552,0.0,60.0,13.8,0.0,false
9707,8.0,67.45098039215686,21.76,23.65,22.45375,14.0,1310.0,60.0,13.8,-35.118817076929105,false
11045,12.0,67.05882352941177,21.76,23.65,22.45375,2.336,1336.5,60.0,13.8,35.549319990226024,false
12063,14.0,67.05882352941177,21.76,23.65,22.45375,2.352,1410.75,60.0,13.8,37.524282211905245,false
13240,19.0,67.05882352941177,21.76,23.65,22.4825,1.184,1424.0,60.0,13.8,37.87671654776046,false
14394,23.0,67.05882352941177,21.76,23.65,22.4825,2.94,1435.75,60.0,13.8,38.18925265691509,false
15445,25.0,67.05882352941177,21.76,23.65,22.4825,1.776,1407.0,60.0,13.8,37.42453664515377,false
16504,27.0,67.05882352941177,21.76,23.65,22.4825,1.184,1303.75,60.0,13.8,34.67820870726313,false
17519,27.0,67.05882352941177,21.76,23.65,22.4825,2.352,1292.0,61.0,13.8,21.91826362556527,false
18755,25.0,67.05882352941177,21.76,23.65,22.4825,-6.688,571.0,61.0,13.8,1.7938494051997718,false
19910,24.0,67.05882352941177,21.76,23.65,22.4825,1.184,114.0,61.0,13.8,0.2387610416728243,false
20945,23.0,67.05882352941177,21.76,23.65,22.4825,-14.536,0.0,61.0,13.8,0.0,false
21978,20.0,67.05882352941177,21.76,23.65,22.4825,-16.1,0.0,61.0,13.8,0.0,false
23006,18.0,67.45098039215686,21.76,23.65,22.512500000000003,-12.8,0.0,62.0,13.8,0.0,false
24151,13.0,67.45098039215686,21.76,23.65,22.512500000000003,0.0,0.0,62.0,13.8,0.0,false
25288,4.0,67.45098039215686,21.76,23.65,22.512500000000003,0.608,0.0,62.0,13.8,0.0,false
26442,4.0,67.45098039215686,21.76,23.65,22.512500000000003,0.608,0.0,62.0,13.8,0.0,false
27507,4.0,67.45098039215686,21.76,23.65,22.512500000000003,0.608,0.0,62.0,13.8,0.0,false
28536,4.0,67.45098039215686,21.76,23.65,22.512500000000003,0.608,0.0,63.0,13.8,0.0,false
29579,0.0,67.45098039215686,21.76,23.65,22.512500000000003,0.604,0.0,63.0,13.8,0.0,false
30581,0.0,67.45098039215686,21.76,23.65,22.512500000000003,0.604,0.0,63.0,13.8,0.0,false
31649,0.0,67.45098039215686,21.76,23.65,22.512500000000003,0.604,0.0,63.0,13.8,0.0,false
32800,0.0,67.45098039215686,21.88,23.77,22.5425,0.608,0.0,63.0,13.8,0.0,false
33986,0.0,67.45098039215686,21.88,23.77,22.5425,0.604,0.0,63.0,13.8,0.0,false
35183,0.0,67.45098039215686,21.88,23.77,22.5425,0.604,0.0,63.0,13.8,0.0,false
36205,0.0,67.45098039215686,21.88,23.77,22.5425,0.604,0.0,63.0,13.8,0.0,false
37269,0.0,67.45098039215686,21.88,23.77,22.5425,0.604,0.0,63.0,13.8,0.0,false
38390,0.0,67.45098039215686,21.88,23.77,22.5725,0.604,0.0,62.0,13.8,0.0,false
39533,0.0,67.45098039215686,21.88,23.77,22.5725,0.604,0.0,62.0,13.8,0.0,false
40543,0.0,67.05882352941177,21.88,23.77,22.5725,0.608,0.0,62.0,13.8,0.0,false
41661,0.0,67.05882352941177,21.88,23.77,22.5725,0.6,0.0,62.0,13.8,0.0,false
42854,0.0,67.05882352941177,21.88,23.77,22.5725,0.604,0.0,62.0,13.8,0.0,false
43858,0.0,67.05882352941177,21.88,23.77,22.5725,0.6,0.0,61.0,13.8,0.0,false
44957,0.0,67.05882352941177,21.88,23.77,22.5725,0.604,0.0,61.0,13.8,0.0,false
46075,0.0,67.05882352941177,21.88,23.77,22.5725,0.604,0.0,61.0,13.8,0.0,false
47179,0.0,67.05882352941177,21.88,23.77,22.5725,0.608,0.0,61.0,13.8,0.0,false
48205,0.0,67.05882352941177,21.88,23.77,22.5725,0.604,0.0,61.0,13.8,0.0,false
49239,0.0,67.05882352941177,21.88,23.77,22.5725,0.604,0.0,61.0,13.8,0.0,false
50294,0.0,67.05882352941177,21.88,23.77,22.5725,2.384,0.0,61.0,13.8,0.0,false
51388,7.0,67.05882352941177,21.88,23.77,22.5725,29.64,0.0,61.0,13.8,0.0,false
52479,12.0,66.66666666666667,21.88,23.77,22.5725,11.12,1332.0,61.0,13.8,30.408103612626324,false
53576,19.0,66.66666666666667,21.88,23.77,22.5725,3.48,1499.0,61.0,13.8,39.87162788278998,false
54706,23.0,66.66666666666667,21.88,23.77,22.5725,5.76,1714.0,61.0,13.8,45.5903737098746,false
55979,32.0,66.66666666666667,21.88,23.77,22.5725,-1.192,1950.75,61.0,13.8,51.887643824117774,false
56991,34.0,66.27450980392157,21.88,23.77,22.5725,4.088,2040.5,61.0,13.8,54.27488772170311,false
58240,37.0,66.27450980392157,21.88,23.77,22.5725,5.184,2314.0,61.0,13.8,61.549664390110756,false
59255,45.0,66.27450980392157,21.88,23.77,22.5725,-1.192,2214.75,61.0,13.8,58.90973172342169,false
60469,46.0,66.27450980392157,21.88,23.77,22.5725,0.6,1902.25,61.0,13.8,50.597601160798696,false
61473,49.0,66.27450980392157,21.88,23.77,22.5725,0.0,1617.0,62.0,13.8,43.01028838323642,false
62527,52.0,66.27450980392157,21.88,23.77,22.5725,2.92,1472.5,62.0,13.8,39.16675921107955,false
63737,54.0,66.27450980392157,21.88,23.77,22.5725,2.352,1411.5,62.0,13.8,37.544231325255545,false
64798,55.0,66.27450980392157,21.88,23.77,22.5725,-1.812,1289.75,63.0,13.8,31.604579174746,false
66009,54.0,66.27450980392157,21.88,23.77,22.5725,0.596,203.0,63.0,13.8,0.21258110289290935,false
67055,53.0,66.27450980392157,21.88,23.77,22.5725,4.116,114.0,63.0,13.8,0.2387610416728243,false
68058,53.0,66.27450980392157,21.88,23.77,22.6025,3.528,0.0,63.0,13.8,0.0,false
69306,52.0,66.27450980392157,21.88,23.77,22.6025,4.672,0.0,63.0,13.8,0.0,false
70375,52.0,66.27450980392157,21.88,23.77,22.6025,4.64,0.0,63.0,13.8,0.0,false
71411,52.0,65.88235294117648,21.88,23.77,22.6025,5.22,0.0,65.0,13.8,0.0,false
72472,52.0,65.88235294117648,21.88,23.77,22.6025,9.088,0.0,65.0,13.8,0.0,false
73474,52.0,65.49019607843138,21.88,23.77,22.63125,8.46,0.0,65.0,13.8,0.0,false
74715,52.0,65.09803921568628,21.88,23.77,22.63125,8.4,0.0,65.0,13.7,0.0,false
75739,52.0,65.09803921568628,21.88,23.77,22.63125,9.52,0.0,65.0,13.7,0.0,false
76820,51.0,64.70588235294117,21.88,23.77,22.63125,7.896,0.0,65.0,13.8,0.0,false
77975,49.0,64.31372549019608,21.88,23.77,22.63125,7.896,0.0,65.0,13.8,0.0,false
78987,49.0,64.31372549019608,21.88,23.77,22.63125,10.488,0.0,65.0,13.8,-0.0,false
80007,48.0,63.92156862745099,21.88,23.77,22.63125,12.96,1246.75,65.0,13.8,27.939701904823266,false
81048,47.0,63.529411764705884,21.88,23.77,22.63125,0.576,1257.0,65.0,13.8,29.748997473903184,false
82234,46.0,63.13725490196079,21.88,23.77,22.63125,2.304,1228.75,65.0,13.8,25.992228618862956,false
83279,45.0,62.74509803921569,21.99,23.89,22.660000000000004,0.0,1286.5,65.0,13.8,29.638832291517303,false
84451,44.0,62.74509803921569,21.99,23.89,22.660000000000004,0.0,1260.0,65.0,13.8,31.40336016528357,false
85496,43.0,62.352941176470594,21.99,23.89,22.660000000000004,2.304,1248.25,65.0,13.8,29.0190484208416,false
86559,43.0,61.9607843137255,21.99,23.89,22.660000000000004,-1.168,1280.25,65.0,13.8,32.44432689105055,false
87751,42.0,61.9607843137255,21.99,23.89,22.675,1.16,1238.25,65.0,13.8,29.564585985137462,false
88813,41.0,61.1764705882353,21.99,23.89,22.675,-4.172,1242.0,66.0,13.8,28.613625888895836,false
89905,39.0,61.1764705882353,21.99,23.89,22.675,0.588,622.5,66.0,13.8,7.0403091366947255,false
90969,38.0,60.7843137254902,21.99,23.89,22.675,-8.456,114.0,66.0,13.8,0.334265458341954,false
91992,31.0,60.7843137254902,21.99,23.89,22.675,-23.68,0.0,66.0,13.8,0.0,false
92994,26.0,60.392156862745104,21.99,23.89,22.675,-6.864,0.0,66.0,13.8,0.0,false
94237,24.0,60.00000000000001,21.99,23.89,22.675,4.116,0.0,66.0,13.8,0.0,false
95275,25.0,59.21568627450981,21.99,23.89,22.675,1.752,1258.5,66.0,13.8,17.132675536351936,false
96420,27.0,58.82352941176471,21.99,23.89,22.675,1.74,1345.25,66.0,13.8,33.24632313563446,false
97476,29.0,58.82352941176471,21.99,23.89,22.675,-1.184,1427.25,67.0,13.8,37.963162705611744,false
98717,37.0,58.03921568627452,21.99,23.89,22.69,-2.384,1374.0,67.0,13.8,36.54677565774078,false
99749,39.0,58.03921568627452,21.99,23.89,22.69,0.0,1192.0,67.0,13.8,31.705790818069147,false
100803,42.0,57.64705882352941,21.99,23.89,22.69,1.752,1125.75,67.0,13.8,16.975910062937803,false
101909,45.0,57.254901960784316,21.99,23.89,22.69,5.184,1333.5,67.0,13.8,19.27084349638515,false
102966,48.0,56.86274509803922,21.99,23.89,22.69,-11.088,1504.5,67.0,13.8,40.017921380692144,false
103973,52.0,56.86274509803922,21.99,23.89,22.69,-6.732,236.5,68.0,13.8,6.290620409793084,false
104981,53.0,56.47058823529412,21.99,23.89,22.69,-15.7,0.0,68.0,13.8,0.0,false
105984,52.0,56.078431372549026,21.99,23.89,22.69,-18.908,0.0,68.0,13.8,0.0,false
107147,52.0,56.078431372549026,21.99,23.89,22.69,-21.78,0.0,68.0,13.8,0.0,false
108215,52.0,56.078431372549026,21.99,23.89,22.705000000000002,-18.48,0.0,68.0,13.8,0.0,false
109416,49.0,56.078431372549026,21.99,23.89,22.705000000000002,-19.92,0.0,68.0,13.8,0.0,false
110444,47.0,56.078431372549026,21.99,23.89,22.705000000000002,-17.264,0.0,68.0,13.8,0.0,false
111533,47.0,55.68627450980392,21.99,23.89,22.705000000000002,-9.072,0.0,68.0,13.8,0.0,false
112558,47.0,55.68627450980392,21.99,23.89,22.705000000000002,-9.72,0.0,68.0,13.8,0.0,false
113578,47.0,55.68627450980392,21.99,23.89,22.735000000000003,-16.5,0.0,68.0,13.8,0.0,false
114712,46.0,55.68627450980392,21.99,23.89,22.735000000000003,-3.2,0.0,68.0,13.8,0.0,false
115814,46.0,55.68627450980392,21.99,23.89,22.735000000000003,-1.256,0.0,68.0,13.8,0.0,false
116816,46.0,55.294117647058826,21.99,23.89,22.735000000000003,0.604,913.25,68.0,13.8,0.0,false
117913,48.0,55.294117647058826,22.11,24.01,22.793750000000003,-4.396,1438.25,68.0,13.8,38.25574970141608,false
118980,48.0,55.294117647058826,22.11,24.01,22.793750000000003,-1.86,1438.25,68.0,13.8,38.25574970141608,false
119998,49.0,55.294117647058826,22.11,24.01,22.793750000000003,-5.024,1440.5,68.0,13.8,38.31559704146696,false
121008,50.0,55.294117647058826,22.11,24.01,22.793750000000003,-6.32,1396.0,68.0,13.8,37.131949649349444,false
122233,51.0,55.294117647058826,22.11,24.01,22.793750000000003,-4.424,1413.25,68.0,13.8,37.590779256406236,false
123236,52.0,55.294117647058826,22.11,24.01,22.793750000000003,-0.624,1396.75,68.0,13.8,37.15189876269973,false
124358,53.0,55.294117647058826,22.11,24.01,22.793750000000003,-8.372,1405.25,68.0,13.8,37.37798871400308,false
125576,54.0,55.68627450980392,22.11,24.01,22.793750000000003,-8.372,1041.25,69.0,13.8,27.696019034659816,false
126703,55.0,55.68627450980392,22.11,24.01,22.793750000000003,3.08,114.0,69.0,13.8,2.8173802917393265,false
127974,56.0,55.68627450980392,22.11,24.01,22.8075,4.284,0.0,69.0,13.8,0.0,false
128989,56.0,55.68627450980392,22.11,24.01,22.8075,0.0,0.0,69.0,13.8,0.0,false
130125,55.0,55.68627450980392,22.11,24.01,22.8075,3.648,0.0,69.0,13.8,0.0,false
131181,56.0,55.294117647058826,22.11,24.01,22.8075,9.408,1388.25,70.0,13.8,18.317527205653327,false
132398,56.0,55.294117647058826,22.11,24.01,22.8075,-10.176,1407.75,70.0,13.8,37.44448575850406,false
133557,56.0,55.294117647058826,22.11,24.13,22.866249999999997,-6.32,1413.25,70.0,13.8,37.590779256406236,false
134794,56.0,55.68627450980392,22.11,24.13,22.866249999999997,-8.32,1385.75,70.0,13.8,36.8593117668954,false
135836,55.0,55.68627450980392,22.11,24.13,22.866249999999997,-15.088,1197.5,70.0,13.8,31.852084315971315,false
136845,55.0,55.68627450980392,22.11,24.13,22.866249999999997,-8.372,759.25,70.0,13.8,19.40006767420281,false
138027,55.0,55.68627450980392,22.23,24.13,22.91125,-10.432,0.0,70.0,13.8,0.0,false
139181,55.0,55.68627450980392,22.23,24.13,22.91125,0.0,0.0,70.0,13.8,0.0,false
140356,53.0,55.68627450980392,22.23,24.13,22.91125,8.344,0.0,70.0,13.8,0.0,false
141604,52.0,55.68627450980392,22.23,24.13,22.91125,14.2,0.0,70.0,13.8,0.0,false
142655,49.0,55.294117647058826,22.23,24.13,22.91125,0.0,1378.0,70.0,13.8,34.055702122954315,false
143847,48.0,55.294117647058826,22.23,24.13,22.91125,-6.32,1411.5,71.0,13.8,37.544231325255545,false
144847,47.0,55.68627450980392,22.23,24.13,22.91125,-5.024,1396.75,71.0,13.8,37.15189876269973,false
145987,46.0,55.68627450980392,22.23,24.13,22.91125,0.0,1387.5,71.0,13.8,36.90585969804609,false
146995,47.0,55.68627450980392,22.23,24.13,22.91125,0.0,1423.25,71.0,13.8,37.856767434410166,false
148001,47.0,55.68627450980392,22.23,24.13,22.95625,-2.528,1385.0,71.0,13.8,36.83936265354511,false
149219,46.0,55.68627450980392,22.23,24.13,22.95625,1.24,941.25,71.0,13.8,7.8853975605103805,false
150378,44.0,55.68627450980392,22.23,24.13,22.95625,-1.248,985.75,71.0,13.8,6.193649916552277,false
151492,43.0,55.68627450980392,22.23,24.13,22.95625,2.432,1245.25,71.0,13.8,8.86735470426743,false
152878,42.0,55.68627450980392,22.35,24.25,23.015,-6.4,1428.75,71.0,13.8,38.00306093231233,false
153969,42.0,56.078431372549026,22.35,24.25,23.015,-5.76,1425.0,71.0,13.8,37.90331536556086,false
154976,44.0,56.078431372549026,22.35,24.25,23.015,-1.256,1477.25,72.0,13.8,39.29310359563142,false
155996,45.0,56.078431372549026,22.35,24.25,23.015,-7.728,1582.0,72.0,13.8,42.07932976022265,false
157001,50.0,56.078431372549026,22.35,24.25,23.015,-4.48,1383.5,72.0,13.8,36.799464426844516,false
158073,52.0,56.078431372549026,22.35,24.25,23.03,-4.48,1403.0,73.0,13.8,37.318141373952194,false
159084,52.0,56.078431372549026,22.35,24.25,23.03,-3.18,1398.25,73.0,13.8,37.19179698940032,false
160112,53.0,56.078431372549026,22.35,24.25,23.03,-0.632,1397.5,73.0,13.8,37.17184787605003,false
161235,54.0,56.078431372549026,22.35,24.25,23.03,-2.544,1407.75,73.0,13.8,37.44448575850406,false
162300,55.0,56.078431372549026,22.35,24.25,23.03,0.0,1413.25,73.0,13.8,37.590779256406236,false
163341,56.0,56.078431372549026,22.35,24.25,23.03,-0.636,1432.0,73.0,13.8,38.089507090163615,false
164578,57.0,56.078431372549026,22.35,24.25,23.03,-1.264,1421.0,74.0,13.8,37.79692009435928,false
165595,57.0,56.47058823529412,22.35,24.25,23.03,-6.52,1344.5,74.0,13.8,35.76211053262917,false
166614,55.0,56.47058823529412,22.35,24.25,23.03,-5.868,1266.25,75.0,13.8,33.680753039748375,false
167743,54.0,56.47058823529412,22.35,24.25,23.060000000000002,-2.576,1330.25,75.0,13.8,33.71143592799844,false
168785,53.0,56.47058823529412,22.35,24.25,23.060000000000002,-8.528,1334.25,75.0,13.8,35.48947265017514,false
169968,52.0,56.86274509803922,22.35,24.25,23.060000000000002,-4.564,1279.5,75.0,13.8,34.03318737560359,false
171021,52.0,56.86274509803922,22.35,24.25,23.060000000000002,-10.56,1204.5,75.0,13.8,32.03827604057407,false
172145,52.0,56.86274509803922,22.35,24.25,23.060000000000002,3.14,352.25,75.0,13.8,9.074333300261438,false
173263,50.0,56.86274509803922,22.47,24.36,23.13375,4.34,0.0,75.0,13.8,0.0,false
174297,50.0,56.47058823529412,22.47,24.36,23.13375,9.12,0.0,75.0,13.8,0.0,false
175591,49.0,56.47058823529412,22.47,24.36,23.13375,4.256,0.0,75.0,13.8,0.0,false
176676,49.0,56.47058823529412,22.47,24.36,23.13375,0.62,0.0,76.0,13.8,0.0,false
177910,48.0,56.47058823529412,22.47,24.36,23.13375,3.672,0.0,76.0,13.8,0.0,false
178962,47.0,56.47058823529412,22.47,24.36,23.13375,1.836,0.0,76.0,13.8,0.0,false
180036,47.0,56.078431372549026,22.47,24.36,23.13375,3.06,0.0,76.0,13.8,0.0,false
181271,47.0,56.078431372549026,22.47,24.36,23.13375,4.832,0.0,76.0,13.8,0.0,false
182415,47.0,56.078431372549026,22.47,24.36,23.13375,4.832,0.0,76.0,13.8,0.0,false
183484,47.0,56.078431372549026,22.47,24.36,23.14875,8.88,0.0,76.0,13.8,0.0,false
184568,48.0,56.078431372549026,22.47,24.36,23.14875,9.472,0.0,76.0,13.8,0.0,false
185573,48.0,55.68627450980392,22.47,24.36,23.14875,5.328,0.0,76.0,13.8,0.0,false
186701,47.0,55.68627450980392,22.47,24.36,23.14875,0.0,0.0,76.0,13.8,0.0,false
187880,47.0,55.68627450980392,22.47,24.36,23.14875,0.0,0.0,76.0,13.8,0.0,false
188974,46.0,55.68627450980392,22.47,24.36,23.14875,0.0,0.0,76.0,13.8,0.0,false
189973,46.0,55.68627450980392,22.47,24.36,23.14875,0.0,0.0,76.0,13.8,0.0,false
190979,46.0,55.68627450980392,22.47,24.36,23.14875,0.612,0.0,76.0,13.8,0.0,false
192002,46.0,55.68627450980392,22.47,24.36,23.14875,4.228,0.0,76.0,13.8,0.0,false
193219,46.0,55.68627450980392,22.47,24.48,23.19375,4.8,0.0,76.0,13.8,0.0,false
194260,47.0,55.68627450980392,22.47,24.48,23.19375,4.2,0.0,75.0,13.8,0.0,false
195503,49.0,55.68627450980392,22.47,24.48,23.19375,1.812,0.0,75.0,13.8,0.0,false
196656,51.0,55.68627450980392,22.47,24.48,23.19375,1.812,0.0,75.0,13.8,0.0,false
197670,53.0,55.68627450980392,22.59,24.48,23.223750000000003,0.612,0.0,75.0,13.8,0.0,false
198813,55.0,55.68627450980392,22.59,24.48,23.223750000000003,-0.612,0.0,75.0,13.8,0.0,false
199841,57.0,55.68627450980392,22.59,24.48,23.223750000000003,-1.232,0.0,75.0,13.8,0.0,false
200871,60.0,55.68627450980392,22.59,24.48,23.223750000000003,-1.232,0.0,75.0,13.8,0.0,false
201920,62.0,55.68627450980392,22.59,24.48,23.223750000000003,-1.224,0.0,75.0,13.8,0.0,false
202977,63.0,55.68627450980392,22.59,24.48,23.25375,-1.232,0.0,74.0,13.8,0.0,false
203998,65.0,55.68627450980392,22.59,24.48,23.25375,-1.24,0.0,74.0,13.8,0.0,false
204998,66.0,55.68627450980392,22.59,24.48,23.25375,-1.24,0.0,74.0,13.8,0.0,false
206057,66.0,55.68627450980392,22.59,24.48,23.25375,-1.232,0.0,73.0,13.8,0.0,false
207126,66.0,55.68627450980392,22.59,24.48,23.25375,0.0,0.0,73.0,13.8,0.0,false
208160,65.0,55.68627450980392,22.59,24.48,23.25375,1.836,0.0,73.0,13.8,0.0,false
209159,64.0,55.68627450980392,22.59,24.48,23.25375,3.02,0.0,73.0,13.8,0.0,false
210369,61.0,55.68627450980392,22.59,24.48,23.25375,1.184,1321.0,73.0,13.8,3.320035116313693,false
211544,60.0,55.294117647058826,22.59,24.48,23.25375,-6.908,1565.5,73.0,13.8,41.64044926651615,false
212814,59.0,55.294117647058826,22.59,24.48,23.26875,-4.368,1494.5,73.0,13.8,39.751933202688214,false
213972,58.0,55.68627450980392,22.59,24.48,23.26875,-9.48,1419.5,73.0,13.8,37.757021867658686,false
215014,58.0,55.68627450980392,22.59,24.48,23.26875,-6.36,1411.5,73.0,13.8,37.544231325255545,false
216031,57.0,55.68627450980392,22.59,24.48,23.26875,-6.4,1406.25,73.0,13.8,37.40458753180348,false
217240,57.0,55.68627450980392,22.59,24.48,23.26875,-3.816,1435.75,73.0,13.8,38.18925265691509,false
218480,57.0,55.68627450980392,22.59,24.48,23.26875,-2.512,1424.0,73.0,13.8,37.87671654776046,false
219638,57.0,56.078431372549026,22.59,24.48,23.26875,-7.68,1428.75,73.0,13.8,38.00306093231233,false
220794,57.0,56.078431372549026,22.59,24.48,23.26875,-5.796,1357.0,74.0,13.8,36.094595755134094,false
221911,57.0,56.078431372549026,22.59,24.48,23.26875,-5.796,1392.0,74.0,13.8,37.02555437814786,false
222966,57.0,56.078431372549026,22.59,24.59,23.2825,-11.084,1385.0,74.0,13.8,36.83936265354511,false
223995,56.0,56.078431372549026,22.59,24.59,23.2825,-14.52,1149.0,75.0,13.8,30.562041652652223,false
225035,56.0,56.47058823529412,22.59,24.59,23.2825,0.628,163.25,75.0,13.8,0.47867400065196486,false
226225,55.0,56.47058823529412,22.59,24.59,23.2825,0.628,0.0,75.0,13.8,0.0,false
227304,54.0,56.47058823529412,22.59,24.59,23.2825,-0.636,0.0,75.0,13.8,0.0,false
228311,54.0,56.47058823529412,22.59,24.59,23.2825,-0.632,0.0,75.0,13.8,0.0,false
229312,54.0,56.47058823529412,22.59,24.59,23.2825,-0.628,0.0,75.0,13.8,0.0,false
230385,55.0,56.47058823529412,22.59,24.59,23.2825,1.884,0.0,76.0,13.8,0.0,false
231544,56.0,56.078431372549026,22.59,24.59,23.2825,13.524,0.0,76.0,13.8,0.0,false
232561,57.0,56.078431372549026,22.59,24.59,23.2825,7.104,1188.25,76.0,13.8,17.420654862931002,false
233577,59.0,56.078431372549026,22.59,24.59,23.326249999999998,-8.96,1351.5,76.0,13.8,35.94830225723192,false
234707,59.0,56.078431372549026,22.59,24.59,23.326249999999998,0.628,1125.0,76.0,13.8,29.92367002544278,false
235812,57.0,56.078431372549026,22.59,24.59,23.326249999999998,4.864,235.75,76.0,13.8,0.2962521872335175,false
236871,54.0,56.078431372549026,22.59,24.59,23.326249999999998,-0.624,0.0,76.0,13.8,0.0,false
237974,48.0,56.078431372549026,22.7,24.59,23.34,0.62,0.0,76.0,13.8,0.0,false
238974,46.0,56.078431372549026,22.7,24.59,23.34,9.6,0.0,77.0,13.8,0.0,false
240005,44.0,55.68627450980392,22.7,24.59,23.34,24.84,0.0,77.0,13.8,0.0,false
241251,41.0,55.68627450980392,22.7,24.59,23.34,0.0,1374.0,77.0,13.8,36.54677565774078,false
242385,40.0,55.68627450980392,22.7,24.59,23.34,-3.696,1401.5,77.0,13.8,37.27824314725161,false
243479,40.0,55.68627450980392,22.7,24.59,23.34,1.224,1484.25,77.0,13.8,39.47929532023417,false
244498,40.0,55.68627450980392,22.7,24.59,23.34,-1.232,1806.25,78.0,13.8,48.04411465196091,false
245514,41.0,55.68627450980392,22.7,24.59,23.34,-5.024,1847.5,78.0,13.8,49.14131588622715,false
246533,44.0,55.68627450980392,22.7,24.59,23.34,-1.248,1793.75,78.0,13.8,47.71162942945598,false
247575,45.0,55.68627450980392,22.7,24.59,23.355,-0.62,1831.25,78.0,13.8,48.70908509697075,false
248591,45.0,55.68627450980392,22.7,24.59,23.355,-6.996,1771.0,78.0,13.8,47.10650632449704,false
249593,45.0,56.078431372549026,22.7,24.59,23.355,3.08,892.75,78.0,13.8,12.527467225332218,false
250607,42.0,55.68627450980392,22.7,24.59,23.355,-3.14,1361.5,78.0,13.8,10.835771941251675,false
251775,40.0,56.078431372549026,22.7,24.59,23.355,-11.664,1489.75,78.0,13.8,39.62558881813634,false
252794,40.0,56.078431372549026,22.7,24.59,23.37,-1.884,1462.5,78.0,13.8,38.900771033075614,false
253795,40.0,56.078431372549026,22.7,24.59,23.37,-2.512,1515.5,78.0,13.8,40.31050837649647,false
255001,41.0,56.078431372549026,22.7,24.59,23.37,-3.16,1592.75,78.0,13.8,42.36526705157688,false
256009,44.0,56.078431372549026,22.7,24.59,23.37,-0.624,1511.5,78.0,13.8,40.2041131052949,false
257017,49.0,56.078431372549026,22.7,24.59,23.37,-3.816,1396.0,79.0,13.8,37.131949649349444,false
258047,52.0,56.078431372549026,22.7,24.71,23.39875,-9.072,1260.0,79.0,13.8,32.72282907979128,false
259198,55.0,56.078431372549026,22.7,24.71,23.39875,-0.632,1037.5,79.0,13.8,8.039859199311879,false
260447,56.0,56.078431372549026,22.7,24.71,23.39875,0.0,245.25,80.0,13.8,0.6163804786343173,false
261607,57.0,56.078431372549026,22.7,24.71,23.39875,0.0,0.0,80.0,13.8,0.0,false
262615,59.0,56.078431372549026,22.7,24.71,23.39875,3.672,0.0,80.0,13.8,0.0,false
263816,58.0,56.078431372549026,22.7,24.71,23.39875,9.664,0.0,80.0,13.8,0.0,false
264857,59.0,56.078431372549026,22.7,24.71,23.39875,25.02,1418.75,80.0,13.8,0.8914269154561039,false
265977,59.0,56.078431372549026,22.7,24.71,23.39875,-4.396,1496.0,80.0,13.8,39.7918314293888,false
267000,59.0,56.078431372549026,22.7,24.71,23.39875,-3.768,1637.5,80.0,13.8,43.55556414814449,false
268007,58.0,56.078431372549026,22.7,24.71,23.44375,9.0,1483.5,80.0,13.8,14.292361618241404,false
269222,53.0,56.078431372549026,22.7,24.71,23.44375,1.24,0.0,81.0,13.8,0.0,false
270373,47.0,56.078431372549026,22.7,24.71,23.44375,-3.768,0.0,81.0,13.8,0.0,false
271498,45.0,56.078431372549026,22.7,24.71,23.44375,-13.2,0.0,81.0,13.8,0.0,false
272796,41.0,56.47058823529412,22.82,24.71,23.458750000000002,-21.328,0.0,81.0,13.8,0.0,false
273975,33.0,56.86274509803922,22.82,24.71,23.458750000000002,-15.64,0.0,81.0,13.8,0.0,false
275043,32.0,56.86274509803922,22.82,24.71,23.458750000000002,-12.768,0.0,81.0,13.8,0.0,false
276065,30.0,57.254901960784316,22.82,24.71,23.458750000000002,-7.304,0.0,81.0,13.8,0.0,false
277237,29.0,57.254901960784316,22.82,24.71,23.458750000000002,-8.632,0.0,81.0,13.8,0.0,false
278269,29.0,57.254901960784316,22.82,24.71,23.458750000000002,-8.016,0.0,81.0,13.8,0.0,false
279517,29.0,57.254901960784316,22.82,24.71,23.458750000000002,-3.936,0.0,81.0,13.8,0.0,false
280620,31.0,57.64705882352941,22.82,24.71,23.458750000000002,-5.28,0.0,81.0,13.8,0.0,false
281646,32.0,57.64705882352941,22.82,24.71,23.458750000000002,-4.62,0.0,81.0,13.8,0.0,false
282854,33.0,57.64705882352941,22.82,24.71,23.458750000000002,-7.304,0.0,81.0,13.8,0.0,false
283977,36.0,57.64705882352941,22.82,24.71,23.458750000000002,-7.348,0.0,81.0,13.8,0.0,false
285079,36.0,57.64705882352941,22.82,24.71,23.458750000000002,-4.648,0.0,81.0,13.8,0.0,false
286228,38.0,57.64705882352941,22.82,24.71,23.458750000000002,-5.976,0.0,81.0,13.8,0.0,false
287269,38.0,58.03921568627452,22.82,24.71,23.458750000000002,-8.736,0.0,80.0,13.8,0.0,false
288405,38.0,58.03921568627452,22.82,24.82,23.5025,-8.788,0.0,80.0,13.8,0.0,false
289473,38.0,58.03921568627452,22.82,24.82,23.5025,0.0,0.0,80.0,13.8,0.0,false
290581,40.0,58.03921568627452,22.82,24.82,23.5025,-0.656,0.0,80.0,13.8,0.0,false
291764,41.0,58.03921568627452,22.82,24.82,23.5025,-4.648,0.0,80.0,13.8,0.0,false
292958,41.0,58.43137254901961,22.82,24.82,23.517500000000002,-10.88,0.0,80.0,13.8,0.0,false
293990,41.0,58.43137254901961,22.82,24.82,23.517500000000002,-10.88,0.0,80.0,13.8,0.0,false
295000,42.0,58.43137254901961,22.82,24.82,23.517500000000002,-12.996,0.0,80.0,13.8,0.0,false
296056,41.0,58.43137254901961,22.82,24.82,23.517500000000002,-13.224,0.0,80.0,13.8,0.0,false
297287,41.0,58.82352941176471,22.82,24.82,23.517500000000002,-9.632,0.0,80.0,13.8,0.0,false
298374,42.0,58.82352941176471,22.82,24.82,23.54625,-7.524,0.0,80.0,13.8,0.0,false
299510,43.0,58.82352941176471,22.82,24.82,23.54625,-8.208,0.0,79.0,13.8,0.0,false
300649,44.0,59.21568627450981,22.82,24.82,23.54625,-6.84,0.0,79.0,13.8,0.0,false
301709,44.0,59.21568627450981,22.82,24.82,23.54625,-7.568,0.0,79.0,13.8,0.0,false
302844,45.0,59.21568627450981,22.94,24.82,23.57625,0.0,0.0,79.0,13.8,0.0,false
303996,45.0,59.21568627450981,22.94,24.82,23.57625,-0.664,0.0,79.0,13.8,0.0,false
305215,48.0,59.21568627450981,22.94,24.82,23.57625,2.624,0.0,78.0,13.8,0.0,false
306275,48.0,59.21568627450981,22.94,24.82,23.57625,8.32,0.0,78.0,13.8,0.0,false
307487,50.0,59.21568627450981,22.94,24.82,23.57625,14.688,0.0,78.0,13.8,0.0,false
308633,50.0,58.82352941176471,22.94,24.94,23.591250000000002,3.18,1266.25,78.0,13.8,18.564194588837683,false
309639,51.0,58.82352941176471,22.94,24.94,23.591250000000002,-7.304,1489.75,78.0,13.8,39.62558881813634,false
310640,53.0,58.82352941176471,22.94,24.94,23.591250000000002,-5.976,1389.75,78.0,13.8,36.96570703809698,false
311740,53.0,59.21568627450981,22.94,24.94,23.591250000000002,-5.312,1400.75,78.0,13.8,37.25829403390131,false
312829,54.0,59.21568627450981,22.94,24.94,23.651249999999997,-1.328,1382.0,78.0,13.8,36.75956620014393,false
313978,55.0,59.21568627450981,22.94,24.94,23.651249999999997,-2.64,1413.25,78.0,13.8,37.590779256406236,false
314989,55.0,59.21568627450981,22.94,24.94,23.651249999999997,-10.2,1392.75,78.0,13.8,37.04550349149817,false
315992,55.0,59.21568627450981,22.94,24.94,23.651249999999997,-6.76,1314.0,78.0,13.8,34.95084658971717,false
317203,54.0,59.21568627450981,22.94,24.94,23.651249999999997,-8.788,1282.0,79.0,13.8,34.09968442010457,false
318300,54.0,59.6078431372549,22.94,24.94,23.666249999999998,-4.704,1185.0,79.0,13.8,23.82583868482499,false
319493,54.0,59.6078431372549,22.94,24.94,23.666249999999998,-4.732,1196.0,79.0,13.8,25.800434387361292,false
320648,54.0,59.6078431372549,22.94,24.94,23.666249999999998,3.24,210.0,80.0,13.8,0.7476990515543709,false
321833,54.0,59.6078431372549,22.94,24.94,23.666249999999998,-0.66,0.0,80.0,13.8,0.0,false
322986,55.0,59.6078431372549,23.06,25.05,23.708749999999995,-0.656,0.0,80.0,13.8,0.0,false
323997,55.0,59.6078431372549,23.06,25.05,23.708749999999995,-0.664,0.0,80.0,13.8,0.0,false
324999,55.0,59.6078431372549,23.06,25.05,23.708749999999995,-0.66,0.0,80.0,13.8,0.0,false
326248,54.0,59.6078431372549,23.06,25.05,23.708749999999995,-0.66,0.0,80.0,13.8,0.0,false
327277,52.0,59.6078431372549,23.06,25.05,23.708749999999995,-0.66,0.0,80.0,13.8,0.0,false
328381,50.0,59.6078431372549,23.06,25.05,23.708749999999995,-0.66,0.0,80.0,13.8,0.0,false
329505,48.0,59.6078431372549,23.06,25.05,23.708749999999995,-1.32,0.0,80.0,13.8,0.0,false
330583,47.0,59.6078431372549,23.06,25.05,23.708749999999995,-0.656,0.0,80.0,13.8,0.0,false
331587,47.0,59.6078431372549,23.06,25.05,23.708749999999995,-0.66,0.0,80.0,13.8,0.0,false
332795,47.0,59.6078431372549,23.06,25.05,23.75125,0.0,0.0,80.0,13.8,0.0,false
334047,47.0,59.6078431372549,23.06,25.05,23.75125,-0.656,0.0,80.0,13.8,0.0,false
335174,49.0,59.6078431372549,23.06,25.05,23.75125,0.0,0.0,80.0,13.8,0.0,false
336393,50.0,59.6078431372549,23.06,25.05,23.75125,-0.66,0.0,80.0,13.8,0.0,false
337565,51.0,59.6078431372549,23.06,25.05,23.75125,-21.0,0.0,80.0,13.8,0.0,false
338710,50.0,60.00000000000001,23.06,25.05,23.78125,-26.936,0.0,80.0,13.8,0.0,false
339881,48.0,60.392156862745104,23.06,25.05,23.78125,-24.288,0.0,80.0,13.8,0.0,false
340889,46.0,60.7843137254902,23.06,25.05,23.78125,-24.156,0.0,80.0,13.8,0.0,false
341899,44.0,60.7843137254902,23.06,25.05,23.78125,-18.1,0.0,80.0,13.8,0.0,false
342973,43.0,61.1764705882353,23.18,25.17,23.82625,-16.744,0.0,80.0,13.8,0.0,false
343974,41.0,61.1764705882353,23.18,25.17,23.82625,-24.288,0.0,80.0,13.8,0.0,false
344983,39.0,61.568627450980394,23.18,25.17,23.82625,-14.56,0.0,80.0,13.8,0.0,false
346229,38.0,61.568627450980394,23.18,25.17,23.82625,-14.56,0.0,80.0,13.8,0.0,false
347251,37.0,61.9607843137255,23.18,25.17,23.82625,-16.104,0.0,79.0,13.8,0.0,false
348278,37.0,61.9607843137255,23.18,25.17,23.82625,-14.48,0.0,79.0,13.8,0.0,false
349290,37.0,62.352941176470594,23.18,25.17,23.82625,-10.86,0.0,79.0,13.8,0.0,false
350374,38.0,62.352941176470594,23.18,25.17,23.82625,-8.592,0.0,79.0,13.8,0.0,false
351520,39.0,62.352941176470594,23.18,25.17,23.82625,-7.832,0.0,79.0,13.8,0.0,false
352547,40.0,62.352941176470594,23.18,25.17,23.82625,-9.256,0.0,78.0,13.8,0.0,false
353574,40.0,62.352941176470594,23.18,25.17,23.87,-6.408,0.0,78.0,13.8,0.0,false
354701,41.0,62.74509803921569,23.18,25.17,23.87,-7.08,0.0,78.0,13.8,0.0,false
355841,42.0,62.74509803921569,23.18,25.17,23.87,-7.788,0.0,78.0,13.8,0.0,false
356850,42.0,62.74509803921569,23.18,25.17,23.87,-12.24,0.0,78.0,13.8,0.0,false
357976,43.0,62.74509803921569,23.3,25.28,23.94375,-11.584,0.0,78.0,13.8,0.0,false
358989,43.0,63.13725490196079,23.3,25.28,23.94375,-7.876,0.0,78.0,13.8,0.0,false
360004,43.0,63.13725490196079,23.3,25.28,23.94375,-8.64,0.0,78.0,13.8,0.0,false
361025,44.0,63.13725490196079,23.3,25.28,23.94375,-9.308,0.0,78.0,13.8,0.0,false
362049,44.0,63.13725490196079,23.3,25.28,23.94375,-9.36,0.0,78.0,13.8,0.0,false
363082,44.0,63.529411764705884,23.3,25.28,23.9575,-11.712,0.0,78.0,13.8,0.0,false
364328,44.0,63.529411764705884,23.3,25.28,23.9575,-10.92,0.0,78.0,13.8,0.0,false
365456,44.0,63.92156862745099,23.3,25.28,23.9575,-10.92,0.0,78.0,13.8,0.0,false
366485,44.0,63.92156862745099,23.3,25.28,23.9575,-10.192,0.0,78.0,13.8,0.0,false
367516,44.0,63.92156862745099,23.3,25.28,23.9575,-11.04,0.0,78.0,13.8,0.0,false
368690,44.0,64.31372549019608,23.42,25.4,24.062500000000004,-12.444,0.0,77.0,13.8,0.0,false
369974,44.0,64.31372549019608,23.42,25.4,24.062500000000004,-15.54,0.0,77.0,13.8,0.0,false
370975,43.0,64.70588235294117,23.42,25.4,24.062500000000004,-14.96,0.0,77.0,13.8,0.0,false
371997,43.0,64.70588235294117,23.42,25.4,24.062500000000004,-20.52,0.0,77.0,13.8,0.0,false
372997,41.0,65.09803921568628,23.42,25.4,24.0925,-17.388,0.0,77.0,13.8,0.0,false
374229,39.0,65.09803921568628,23.42,25.4,24.0925,-15.876,0.0,77.0,13.8,0.0,false
375240,38.0,65.49019607843138,23.42,25.4,24.0925,-15.12,0.0,77.0,13.8,0.0,false
376470,37.0,65.49019607843138,23.42,25.4,24.0925,-12.784,0.0,76.0,13.8,0.0,false
377544,36.0,65.49019607843138,23.42,25.4,24.0925,-13.464,0.0,76.0,13.9,0.0,false
378722,34.0,65.88235294117648,23.53,25.52,24.18,-12.032,0.0,76.0,13.9,0.0,false
379910,33.0,65.88235294117648,23.53,25.52,24.18,-11.22,0.0,76.0,13.8,0.0,false
380975,33.0,66.27450980392157,23.53,25.52,24.18,-9.672,0.0,76.0,13.8,0.0,false
381974,32.0,66.27450980392157,23.53,25.52,24.18,-9.62,0.0,76.0,13.8,0.0,false
383029,32.0,66.66666666666667,23.53,25.52,24.23875,-13.464,0.0,76.0,13.8,0.0,false
384060,31.0,66.66666666666667,23.53,25.52,24.23875,-11.28,0.0,76.0,13.8,0.0,false
385285,29.0,67.05882352941177,23.53,25.52,24.23875,-10.472,0.0,76.0,13.8,0.0,false
386392,28.0,67.05882352941177,23.53,25.52,24.23875,-10.528,0.0,76.0,13.8,0.0,false
387491,27.0,67.45098039215686,23.65,25.63,24.326249999999995,0.0,0.0,76.0,13.8,0.0,false
388495,29.0,67.45098039215686,23.65,25.63,24.326249999999995,0.716,0.0,76.0,13.8,0.0,false
389582,33.0,67.45098039215686,23.65,25.63,24.326249999999995,2.124,0.0,76.0,13.8,0.0,false
390693,34.0,67.84313725490196,23.65,25.63,24.326249999999995,0.0,0.0,76.0,13.8,0.0,false
391832,36.0,67.84313725490196,23.65,25.63,24.326249999999995,0.0,0.0,76.0,13.8,0.0,false
392868,38.0,68.23529411764706,23.77,25.75,24.43,-11.16,0.0,76.0,13.8,0.0,false
393894,38.0,68.23529411764706,23.77,25.75,24.43,-9.568,0.0,76.0,13.8,0.0,false
394919,37.0,68.62745098039215,23.77,25.75,24.43,-9.62,0.0,76.0,13.8,0.0,false
396009,35.0,69.01960784313727,23.77,25.75,24.43,-8.14,0.0,76.0,13.8,0.0,false
397051,31.0,69.01960784313727,23.77,25.75,24.43,-7.36,0.0,76.0,13.8,0.0,false
398255,28.0,69.41176470588236,23.89,25.86,24.54625,-7.36,0.0,76.0,13.8,0.0,false
399336,26.0,69.41176470588236,23.89,25.86,24.54625,0.0,0.0,76.0,13.8,0.0,false
400379,24.0,69.80392156862746,23.89,25.86,24.54625,0.0,0.0,76.0,13.8,0.0,false
401486,22.0,69.80392156862746,23.89,25.86,24.54625,0.0,0.0,76.0,13.8,0.0,false
402525,22.0,69.80392156862746,23.89,25.86,24.54625,2.124,0.0,76.0,13.8,0.0,false
403560,23.0,70.19607843137256,23.89,25.86,24.57625,14.028,0.0,76.0,13.8,0.0,false
404698,24.0,69.80392156862746,23.89,25.86,24.57625,10.624,1219.5,76.0,13.8,15.580100446947862,false
405904,26.0,69.80392156862746,23.89,25.86,24.57625,6.72,1380.25,76.0,13.8,29.486046168797717,false
406979,26.0,70.19607843137256,23.89,25.86,24.57625,0.0,1475.0,75.0,13.8,39.233256255580535,false
408005,28.0,70.19607843137256,24.01,25.98,24.67875,2.064,1430.25,75.0,13.8,38.04295915901292,false
409249,31.0,70.19607843137256,24.01,25.98,24.67875,3.42,1382.0,75.0,13.8,36.75956620014393,false
410374,31.0,70.19607843137256,24.01,25.98,24.67875,2.736,1220.25,76.0,13.8,32.45720742093027,false
411425,31.0,70.19607843137256,24.01,25.98,24.67875,8.064,1125.75,76.0,13.8,15.797027419678235,false
412499,30.0,70.19607843137256,24.01,25.98,24.67875,2.052,1065.5,76.0,13.8,19.191570641759565,false
413709,26.0,70.19607843137256,24.13,26.09,24.77875,3.38,953.75,76.0,13.8,0.998764664453755,false
414796,25.0,70.19607843137256,24.13,26.09,24.77875,0.0,882.0,76.0,13.8,0.0,false
415813,22.0,70.19607843137256,24.13,26.09,24.77875,4.08,914.75,76.0,13.8,0.0,false
416853,20.0,69.80392156862746,24.13,26.09,24.77875,9.9,990.5,76.0,13.8,-0.207449834892046,false
418038,20.0,69.80392156862746,24.25,26.09,24.85375,7.92,998.25,76.0,13.8,5.64497075960282,false
419179,20.0,69.80392156862746,24.25,26.09,24.85375,5.94,1025.0,77.0,13.8,7.728317927830892,false
420206,20.0,69.80392156862746,24.25,26.09,24.85375,5.976,998.25,77.0,13.8,3.3451678575424117,false
421261,19.0,69.41176470588236,24.25,26.09,24.85375,2.672,968.75,77.0,13.8,0.20289452554434081,false
422410,16.0,69.41176470588236,24.25,26.09,24.85375,0.0,917.0,78.0,13.8,0.0,false
423630,16.0,69.41176470588236,24.25,26.21,24.925,4.032,921.75,78.0,13.8,0.0,true
424793,16.0,69.41176470588236,24.25,26.21,24.925,5.94,946.0,78.0,13.8,0.0,true
425908,18.0,69.41176470588236,24.25,26.21,24.925,7.824,952.25,78.0,13.8,0.0,true
426968,20.0,69.41176470588236,24.25,26.21,24.925,8.476,982.0,78.0,13.8,-0.2056695990550118,false
427978,22.0,69.41176470588236,24.36,26.32,24.995,8.424,1197.5,78.0,13.8,2.7588419486274365,false
428989,22.0,69.01960784313727,24.36,26.32,24.995,1.992,1371.0,78.0,13.8,36.4669792043396,false
430225,22.0,69.01960784313727,24.36,26.32,24.995,0.668,1360.75,78.0,13.8,36.194341321885574,false
431305,23.0,69.01960784313727,24.36,26.32,24.995,2.656,1371.75,79.0,13.8,36.486928317689895,false
432308,24.0,69.01960784313727,24.36,26.32,24.995,0.0,1357.0,79.0,13.8,36.094595755134094,false
433470,24.0,69.01960784313727,24.36,26.32,25.05375,5.28,1412.5,79.0,13.8,37.57083014305593,false
434698,26.0,69.01960784313727,24.36,26.32,25.05375,3.936,1416.25,79.0,13.8,37.670575709807416,false
435762,26.0,68.62745098039215,24.36,26.32,25.05375,3.936,1432.75,79.0,13.8,38.1094562035139,false
436798,27.0,68.62745098039215,24.36,26.32,25.05375,3.3,1446.0,80.0,13.8,38.461890539369115,false
437984,28.0,68.62745098039215,24.48,26.44,25.09875,2.656,1447.5,80.0,13.8,38.50178876606971,false
439045,29.0,68.62745098039215,24.48,26.44,25.09875,3.96,1435.0,80.0,13.8,38.169303543564794,false
440078,29.0,68.62745098039215,24.48,26.44,25.09875,1.98,1257.0,80.0,13.8,33.43471397509473,false
441298,28.0,68.62745098039215,24.48,26.44,25.09875,0.664,1155.25,80.0,13.8,28.55068931606892,false
442388,24.0,68.62745098039215,24.48,26.44,25.09875,5.216,1008.5,80.0,13.8,6.336592382290612,false
443515,21.0,68.62745098039215,24.48,26.56,25.197499999999998,5.248,973.25,80.0,13.8,3.465229056787102,false
444687,18.0,68.23529411764706,24.48,26.56,25.197499999999998,3.912,992.75,80.0,13.8,6.861395435072788,false
445694,14.0,68.23529411764706,24.48,26.56,25.197499999999998,5.216,946.75,81.0,13.8,0.39657371263815155,false
446750,13.0,68.23529411764706,24.48,26.56,25.197499999999998,3.888,933.5,81.0,13.8,0.0,false
447992,10.0,68.23529411764706,24.59,26.56,25.21125,4.564,944.5,81.0,13.8,0.0,true
449222,7.0,68.23529411764706,24.59,26.56,25.21125,4.564,954.5,81.0,13.8,0.0,true
450501,7.0,68.23529411764706,24.59,26.56,25.21125,3.888,914.0,81.0,13.8,0.0,true
451510,7.0,68.23529411764706,24.59,26.56,25.21125,0.656,889.75,81.0,13.8,0.0,false
452793,5.0,68.23529411764706,24.59,26.67,25.28375,0.664,907.75,81.0,13.8,0.0,false
453984,4.0,67.84313725490196,24.59,26.67,25.28375,0.66,905.25,81.0,13.8,0.0,true
455024,4.0,67.84313725490196,24.59,26.67,25.28375,0.66,909.25,83.0,13.8,0.0,true
456098,4.0,67.84313725490196,24.59,26.67,25.28375,4.536,911.5,83.0,13.8,0.0,false
457303,0.0,67.84313725490196,24.59,26.67,25.28375,0.664,114.75,83.0,13.8,0.2643650217995811,false
458375,0.0,67.84313725490196,24.59,26.67,25.31375,0.0,0.0,83.0,13.8,0.0,false
459590,0.0,67.84313725490196,24.59,26.67,25.31375,0.664,0.0,83.0,13.8,0.0,false
460798,0.0,67.84313725490196,24.59,26.67,25.31375,0.66,0.0,83.0,13.8,0.0,false
461907,0.0,67.84313725490196,24.59,26.67,25.31375,0.0,0.0,83.0,13.8,0.0,false
462967,0.0,67.84313725490196,24.71,26.67,25.32875,0.0,0.0,83.0,13.8,0.0,false
463970,0.0,67.84313725490196,24.71,26.67,25.32875,0.0,0.0,83.0,13.8,0.0,false
464981,0.0,67.84313725490196,24.71,26.67,25.32875,0.0,0.0,83.0,13.8,0.0,false
466228,0.0,67.84313725490196,24.71,26.67,25.32875,0.0,0.0,83.0,13.8,0.0,false
467332,0.0,67.84313725490196,24.71,26.67,25.32875,0.0,0.0,83.0,13.8,0.0,false
468407,0.0,67.84313725490196,24.71,26.79,25.400000000000002,0.0,0.0,83.0,13.8,0.0,false
469473,0.0,67.84313725490196,24.71,26.79,25.400000000000002,0.0,0.0,83.0,13.8,0.0,false
470718,0.0,67.84313725490196,24.71,26.79,25.400000000000002,0.0,0.0,83.0,13.8,0.0,false
471751,0.0,67.84313725490196,24.71,26.79,25.400000000000002,0.0,0.0,83.0,13.8,0.0,false
472810,0.0,67.84313725490196,24.71,26.79,25.4275,0.0,0.0,83.0,13.8,0.0,false
473895,0.0,67.84313725490196,24.71,26.79,25.4275,0.0,0.0,83.0,13.8,0.0,false
474967,0.0,67.84313725490196,24.71,26.79,25.4275,0.0,0.0,83.0,13.8,0.0,false
476010,0.0,67.84313725490196,24.71,26.79,25.4275,0.0,0.0,83.0,13.8,0.0,false
477036,0.0,67.84313725490196,24.71,26.79,25.4275,0.0,0.0,83.0,13.8,0.0,false
478250,0.0,67.84313725490196,24.71,26.79,25.4275,0.0,0.0,83.0,13.8,0.0,false
479353,0.0,67.84313725490196,24.71,26.79,25.4275,0.0,0.0,83.0,13.8,0.0,false
480482,0.0,67.84313725490196,24.71,26.79,25.4275,0.0,0.0,83.0,13.8,0.0,false
481490,0.0,67.84313725490196,24.71,26.79,25.4275,0.0,0.0,83.0,13.8,0.0,false
482521,0.0,67.84313725490196,24.82,26.9,25.470000000000002,0.0,0.0,83.0,13.8,0.0,false
483542,0.0,67.84313725490196,24.82,26.9,25.470000000000002,0.0,0.0,83.0,13.8,0.0,false
484631,0.0,67.84313725490196,24.82,26.9,25.470000000000002,0.0,0.0,82.0,13.8,0.0,false
485651,0.0,67.84313725490196,24.82,26.9,25.470000000000002,0.0,0.0,82.0,13.8,0.0,false
486700,0.0,67.84313725490196,24.82,26.9,25.470000000000002,0.0,0.0,82.0,13.8,0.0,false
487861,0.0,67.84313725490196,24.82,26.9,25.5,0.0,0.0,81.0,13.8,0.0,false
488927,0.0,67.84313725490196,24.82,26.9,25.5,0.0,0.0,81.0,13.8,0.0,false
489977,0.0,67.84313725490196,24.82,26.9,25.5,0.0,0.0,81.0,13.8,0.0,false
490976,0.0,67.84313725490196,24.82,26.9,25.5,0.0,0.0,81.0,13.8,0.0,false
492006,0.0,67.84313725490196,24.82,26.9,25.5,0.0,0.0,81.0,13.8,0.0,false
493217,0.0,67.84313725490196,24.82,26.9,25.515,0.0,0.0,81.0,13.8,0.0,false
494228,0.0,67.84313725490196,24.82,26.9,25.515,0.0,0.0,81.0,13.8,0.0,false
495275,0.0,67.84313725490196,24.82,26.9,25.515,0.0,0.0,81.0,13.8,0.0,false
496331,0.0,67.84313725490196,24.82,26.9,25.515,0.0,0.0,81.0,13.8,0.0,false
497467,0.0,67.84313725490196,24.82,26.9,25.515,0.0,0.0,81.0,13.8,0.0,false
498565,0.0,67.84313725490196,24.82,27.02,25.560000000000002,0.0,0.0,81.0,13.8,0.0,false
499809,0.0,67.84313725490196,24.82,27.02,25.560000000000002,0.0,0.0,81.0,13.8,0.0,false
500834,0.0,67.84313725490196,24.82,27.02,25.560000000000002,0.0,0.0,81.0,13.8,0.0,false
502064,0.0,67.84313725490196,24.82,27.02,25.560000000000002,0.0,0.0,81.0,13.8,0.0,false
503199,0.0,67.84313725490196,24.94,27.02,25.590000000000003,0.0,0.0,81.0,13.8,0.0,false
504402,0.0,67.84313725490196,24.94,27.02,25.590000000000003,0.0,0.0,81.0,13.8,0.0,false
505604,0.0,67.84313725490196,24.94,27.02,25.590000000000003,0.0,0.0,80.0,13.8,0.0,false
506767,0.0,67.84313725490196,24.94,27.02,25.590000000000003,0.0,0.0,80.0,13.8,0.0,false
508002,0.0,67.45098039215686,24.94,27.02,25.590000000000003,0.0,0.0,80.0,13.8,0.0,false
509220,0.0,67.45098039215686,24.94,27.02,25.590000000000003,0.0,0.0,80.0,13.8,0.0,false
510375,0.0,67.45098039215686,24.94,27.02,25.590000000000003,0.0,0.0,80.0,13.8,0.0,false
511483,0.0,67.45098039215686,24.94,27.02,25.590000000000003,0.0,0.0,80.0,13.8,0.0,false
512579,0.0,67.45098039215686,24.94,27.02,25.590000000000003,0.0,0.0,80.0,13.8,0.0,false
513600,0.0,67.45098039215686,24.94,27.02,25.590000000000003,0.0,0.0,80.0,13.8,0.0,false
514836,0.0,67.45098039215686,24.94,27.02,25.590000000000003,0.0,0.0,80.0,13.8,0.0,false
516152,0.0,67.45098039215686,24.94,27.02,25.590000000000003,0.0,0.0,80.0,13.8,0.0,false
517254,0.0,67.45098039215686,24.94,27.02,25.590000000000003,0.0,0.0,80.0,13.8,0.0,false
518378,0.0,67.45098039215686,24.94,27.14,25.61875,0.0,0.0,80.0,13.8,0.0,false
519512,0.0,67.45098039215686,24.94,27.14,25.61875,0.0,0.0,80.0,13.8,0.0,false
520540,0.0,67.45098039215686,24.94,27.14,25.61875,0.0,0.0,80.0,13.8,0.0,false
521584,0.0,67.45098039215686,24.94,27.14,25.61875,0.0,0.0,80.0,13.8,0.0,false
522756,0.0,67.45098039215686,24.94,27.14,25.646250000000002,0.0,0.0,80.0,13.8,0.0,false
523810,0.0,67.45098039215686,24.94,27.14,25.646250000000002,0.0,0.0,80.0,13.8,0.0,false
524870,0.0,67.45098039215686,24.94,27.14,25.646250000000002,0.0,0.0,80.0,13.8,0.0,false
525971,0.0,67.45098039215686,24.94,27.14,25.646250000000002,0.0,0.0,80.0,13.8,0.0,false
526976,0.0,67.45098039215686,24.94,27.14,25.646250000000002,0.0,0.0,80.0,13.8,0.0,false
528009,0.0,67.45098039215686,24.94,27.14,25.646250000000002,0.0,0.0,80.0,13.8,0.0,false
529247,0.0,67.45098039215686,24.94,27.14,25.646250000000002,0.0,0.0,80.0,13.8,0.0,false
530374,0.0,67.45098039215686,24.94,27.14,25.646250000000002,0.0,0.0,80.0,13.8,0.0,false
531490,0.0,67.45098039215686,24.94,27.14,25.646250000000002,0.0,0.0,80.0,13.8,0.0,false
532495,0.0,67.45098039215686,24.94,27.14,25.646250000000002,0.0,0.0,80.0,13.8,0.0,false
533609,0.0,67.45098039215686,24.94,27.14,25.646250000000002,0.0,0.0,80.0,13.8,0.0,false
534619,0.0,67.45098039215686,24.94,27.14,25.646250000000002,0.0,0.0,80.0,13.8,0.0,false
535618,0.0,67.45098039215686,24.94,27.14,25.646250000000002,0.0,0.0,80.0,13.8,0.0,false
536807,0.0,67.45098039215686,24.94,27.14,25.646250000000002,0.0,0.0,80.0,13.8,0.0,false
537997,0.0,67.45098039215686,24.94,27.14,25.661250000000003,0.0,0.0,80.0,13.8,0.0,false
539182,0.0,67.45098039215686,24.94,27.14,25.661250000000003,0.0,0.0,80.0,13.8,0.0,false
540376,0.0,67.45098039215686,24.94,27.14,25.661250000000003,0.0,0.0,80.0,13.8,0.0,false
541377,0.0,67.45098039215686,24.94,27.14,25.661250000000003,0.0,0.0,80.0,13.8,0.0,false
542386,0.0,67.45098039215686,24.94,27.14,25.661250000000003,0.0,0.0,80.0,13.8,0.0,false
543554,0.0,67.45098039215686,24.94,27.14,25.675,0.0,0.0,80.0,13.8,0.0,false
544798,0.0,67.45098039215686,24.94,27.14,25.675,0.0,0.0,80.0,13.8,0.0,false
545987,0.0,67.45098039215686,24.94,27.14,25.675,0.0,0.0,80.0,13.8,0.0,false
547000,0.0,67.45098039215686,24.94,27.14,25.675,0.0,0.0,80.0,13.8,0.0,false
548016,0.0,67.45098039215686,24.94,27.25,25.688750000000002,0.0,0.0,79.0,13.8,0.0,false
549036,0.0,67.45098039215686,24.94,27.25,25.688750000000002,0.0,0.0,79.0,13.8,0.0,false
550228,0.0,67.45098039215686,24.94,27.25,25.688750000000002,0.0,0.0,79.0,13.8,0.0,false
551242,0.0,67.45098039215686,24.94,27.25,25.688750000000002,0.0,0.0,79.0,13.8,0.0,false
552402,0.0,67.45098039215686,24.94,27.25,25.688750000000002,0.0,0.0,79.0,13.8,0.0,false
553471,0.0,67.45098039215686,25.05,27.25,25.7175,0.0,0.0,79.0,13.8,0.0,false
554705,0.0,67.45098039215686,25.05,27.25,25.7175,0.0,0.0,79.0,13.8,0.0,false
555791,0.0,67.45098039215686,25.05,27.25,25.7175,0.0,0.0,79.0,13.8,0.0,false
556833,0.0,67.45098039215686,25.05,27.25,25.7175,0.0,0.0,79.0,13.8,0.0,false
557886,0.0,67.45098039215686,25.05,27.25,25.7175,0.0,0.0,79.0,13.8,0.0,false
558998,0.0,67.45098039215686,25.05,27.25,25.7175,0.0,0.0,79.0,13.8,0.0,false
560038,0.0,67.45098039215686,25.05,27.25,25.7175,0.0,0.0,79.0,13.8,0.0,false
561040,0.0,67.45098039215686,25.05,27.25,25.7175,0.0,0.0,79.0,13.8,0.0,false
562259,0.0,67.45098039215686,25.05,27.25,25.7175,0.0,0.0,79.0,13.8,0.0,false
563502,0.0,67.05882352941177,25.05,27.25,25.7175,0.0,0.0,79.0,13.8,0.0,false
564513,0.0,67.05882352941177,25.05,27.25,25.7175,0.0,0.0,79.0,13.8,0.0,false
565514,0.0,67.05882352941177,25.05,27.25,25.7175,0.0,0.0,79.0,13.8,0.0,false
566521,0.0,67.05882352941177,25.05,27.25,25.7175,0.0,0.0,79.0,13.8,0.0,false
567575,0.0,67.05882352941177,25.05,27.25,25.7175,0.0,0.0,79.0,13.8,0.0,false
568881,0.0,67.05882352941177,25.05,27.25,25.7175,0.0,0.0,79.0,13.8,0.0,false
570107,0.0,67.05882352941177,25.05,27.25,25.7175,0.0,0.0,79.0,13.8,0.0,false
571190,0.0,67.05882352941177,25.05,27.25,25.7175,0.0,0.0,79.0,13.8,0.0,false
572231,0.0,67.05882352941177,25.05,27.25,25.7175,0.0,0.0,78.0,13.8,0.0,false
573245,0.0,67.05882352941177,25.05,27.25,25.7175,0.0,0.0,78.0,13.8,0.0,false
574422,0.0,67.05882352941177,25.05,27.25,25.7175,0.0,0.0,78.0,13.8,0.0,false
575453,0.0,67.05882352941177,25.05,27.25,25.7175,0.0,0.0,78.0,13.8,0.0,false
576556,0.0,67.05882352941177,25.05,27.25,25.7175,0.0,0.0,78.0,13.8,0.0,false
577566,0.0,67.05882352941177,25.05,27.25,25.7175,0.0,0.0,78.0,13.8,0.0,false
578643,0.0,67.05882352941177,25.05,27.37,25.7325,0.0,0.0,78.0,13.8,0.0,false
579695,0.0,67.05882352941177,25.05,27.37,25.7325,0.0,0.0,78.0,13.8,0.0,false
580706,0.0,67.05882352941177,25.05,27.37,25.7325,0.0,0.0,78.0,13.8,0.0,false
581784,0.0,67.05882352941177,25.05,27.37,25.7325,0.0,0.0,78.0,13.8,0.0,false
582888,0.0,67.05882352941177,25.05,27.37,25.7325,0.0,0.0,78.0,13.8,0.0,false
583972,0.0,67.05882352941177,25.05,27.37,25.7325,0.0,0.0,78.0,13.8,0.0,false
584980,0.0,67.05882352941177,25.05,27.37,25.7325,0.0,0.0,78.0,13.8,0.0,false
586065,0.0,67.05882352941177,25.05,27.37,25.7325,0.0,0.0,78.0,13.8,0.0,false
587245,0.0,67.05882352941177,25.05,27.37,25.7325,0.0,0.0,78.0,13.8,0.0,false
588251,0.0,67.05882352941177,25.05,27.37,25.747500000000002,0.0,0.0,78.0,13.8,0.0,false
589320,0.0,67.05882352941177,25.05,27.37,25.747500000000002,0.0,0.0,78.0,13.8,0.0,false
590454,0.0,67.05882352941177,25.05,27.37,25.747500000000002,0.0,0.0,78.0,13.8,0.0,false
591649,0.0,67.05882352941177,25.05,27.37,25.747500000000002,0.0,0.0,78.0,13.8,0.0,false
592671,0.0,67.05882352941177,25.05,27.37,25.747500000000002,0.0,0.0,78.0,13.8,0.0,false
593694,0.0,67.05882352941177,25.05,27.37,25.747500000000002,0.0,0.0,78.0,13.8,0.0,false
594847,0.0,67.05882352941177,25.05,27.37,25.747500000000002,0.0,0.0,78.0,13.8,0.0,false
595871,0.0,67.05882352941177,25.05,27.37,25.747500000000002,0.0,0.0,78.0,13.8,0.0,false
596947,0.0,67.05882352941177,25.05,27.37,25.747500000000002,0.0,0.0,78.0,13.8,0.0,false
597980,0.0,67.05882352941177,25.05,27.37,25.747500000000002,0.0,0.0,78.0,13.8,0.0,false
599044,0.0,67.05882352941177,25.05,27.37,25.747500000000002,0.0,0.0,78.0,13.8,0.0,false
600102,0.0,67.05882352941177,25.05,27.37,25.747500000000002,0.0,0.0,78.0,13.8,0.0,false
601279,0.0,67.05882352941177,25.05,27.37,25.747500000000002,0.0,0.0,78.0,13.8,0.0,false
602315,0.0,67.05882352941177,25.05,27.37,25.747500000000002,0.0,0.0,78.0,13.8,0.0,false
603348,0.0,67.05882352941177,25.05,27.37,25.761250000000004,0.0,0.0,78.0,13.8,0.0,false
604479,0.0,67.05882352941177,25.05,27.37,25.761250000000004,0.0,0.0,78.0,13.8,0.0,false
605570,0.0,67.05882352941177,25.05,27.37,25.761250000000004,0.0,0.0,78.0,13.8,0.0,false
606746,0.0,67.05882352941177,25.05,27.37,25.761250000000004,0.0,0.0,78.0,13.8,0.0,false
607762,0.0,67.05882352941177,25.05,27.37,25.761250000000004,0.0,0.0,78.0,13.8,0.0,false
608824,0.0,67.05882352941177,25.05,27.37,25.761250000000004,0.0,0.0,78.0,13.8,0.0,false
610029,0.0,67.05882352941177,25.05,27.37,25.761250000000004,0.0,0.0,78.0,13.8,0.0,false
611210,0.0,67.05882352941177,25.05,27.37,25.761250000000004,0.0,0.0,78.0,13.8,0.0,false
612215,0.0,67.05882352941177,25.05,27.37,25.761250000000004,0.0,0.0,78.0,13.8,0.0,false
613378,0.0,67.05882352941177,25.05,27.37,25.775000000000002,0.0,0.0,78.0,13.8,0.0,false
614381,0.0,67.05882352941177,25.05,27.37,25.775000000000002,0.0,0.0,78.0,13.8,0.0,false
615380,0.0,67.05882352941177,25.05,27.37,25.775000000000002,0.0,0.0,78.0,13.8,0.0,false
616483,0.0,67.05882352941177,25.05,27.37,25.775000000000002,0.0,0.0,77.0,13.8,0.0,false
617553,0.0,67.05882352941177,25.05,27.37,25.761250000000004,0.0,0.0,77.0,13.8,0.0,false
618565,0.0,66.66666666666667,25.05,27.37,25.761250000000004,0.0,0.0,77.0,13.8,0.0,false
619588,0.0,66.66666666666667,25.05,27.37,25.761250000000004,0.0,0.0,77.0,13.8,0.0,false
620854,0.0,66.66666666666667,25.05,27.37,25.761250000000004,0.0,0.0,77.0,13.8,0.0,false
621888,0.0,66.66666666666667,25.05,27.37,25.761250000000004,0.0,0.0,77.0,13.8,0.0,false
622975,0.0,66.66666666666667,25.05,27.37,25.761250000000004,0.0,0.0,77.0,13.8,0.0,false
623997,0.0,66.66666666666667,25.05,27.37,25.761250000000004,0.0,0.0,77.0,13.8,0.0,false
625025,0.0,66.66666666666667,25.05,27.37,25.761250000000004,0.0,0.0,77.0,13.8,0.0,false
626090,0.0,66.66666666666667,25.05,27.37,25.761250000000004,0.0,0.0,77.0,13.8,0.0,false
627158,0.0,66.66666666666667,25.05,27.37,25.761250000000004,0.0,0.0,77.0,13.8,0.0,false
628185,0.0,66.66666666666667,25.05,27.37,25.775000000000002,0.0,0.0,77.0,13.8,0.0,false
629239,0.0,66.66666666666667,25.05,27.37,25.775000000000002,0.0,0.0,77.0,13.8,0.0,false
630490,0.0,66.66666666666667,25.05,27.37,25.775000000000002,0.0,0.0,77.0,13.8,0.0,false
631508,0.0,66.66666666666667,25.05,27.37,25.775000000000002,0.0,0.0,77.0,13.8,0.0,false
632817,0.0,66.66666666666667,25.05,27.49,25.79,0.0,0.0,77.0,13.8,0.0,false
634061,0.0,66.66666666666667,25.05,27.49,25.79,0.0,0.0,77.0,13.8,0.0,false
635199,0.0,66.66666666666667,25.05,27.49,25.79,0.0,0.0,76.0,13.8,0.0,false
636251,0.0,66.66666666666667,25.05,27.49,25.79,0.0,0.0,76.0,13.8,0.0,false
637418,0.0,66.66666666666667,25.05,27.49,25.79,0.0,0.0,76.0,13.8,0.0,false
638423,0.0,66.66666666666667,25.05,27.49,25.79,0.0,0.0,76.0,13.8,0.0,false
639451,0.0,66.66666666666667,25.05,27.49,25.79,0.0,0.0,76.0,13.8,0.0,false
640471,0.0,66.66666666666667,25.05,27.49,25.79,0.0,0.0,76.0,13.8,0.0,false
641572,0.0,66.66666666666667,25.05,27.49,25.79,0.0,0.0,76.0,13.8,0.0,false
642648,0.0,66.66666666666667,25.05,27.49,25.79,0.0,0.0,76.0,13.8,0.0,false
643737,0.0,66.66666666666667,25.05,27.49,25.79,0.0,0.0,76.0,13.8,0.0,false
644816,0.0,66.66666666666667,25.05,27.49,25.79,0.0,0.0,76.0,13.8,0.0,false
645987,0.0,66.66666666666667,25.05,27.49,25.79,0.0,0.0,76.0,13.8,0.0,false
647003,0.0,66.66666666666667,25.05,27.49,25.79,0.0,0.0,76.0,13.8,0.0,false
648180,0.0,66.66666666666667,25.05,27.49,25.79,0.0,0.0,76.0,13.8,0.0,false
649184,0.0,66.66666666666667,25.05,27.49,25.79,0.0,0.0,76.0,13.8,0.0,false
650258,0.0,66.66666666666667,25.05,27.49,25.79,0.0,0.0,76.0,13.8,0.0,false
651294,0.0,66.66666666666667,25.05,27.49,25.79,0.0,0.0,76.0,13.8,0.0,false
652566,0.0,66.66666666666667,25.05,27.49,25.79,0.0,0.0,76.0,13.8,0.0,false
653580,0.0,66.66666666666667,25.05,27.49,25.805,0.0,0.0,76.0,13.8,0.0,false
654781,0.0,66.66666666666667,25.05,27.49,25.805,0.0,0.0,76.0,13.8,0.0,false
655907,0.0,66.66666666666667,25.05,27.49,25.805,0.0,0.0,76.0,13.8,0.0,false
656953,0.0,66.66666666666667,25.05,27.49,25.805,0.0,0.0,76.0,13.8,0.0,false
657971,0.0,66.66666666666667,25.05,27.49,25.77625,0.0,0.0,76.0,13.8,0.0,false
658995,0.0,66.66666666666667,25.05,27.49,25.77625,0.0,0.0,76.0,13.8,0.0,false
660031,0.0,66.66666666666667,25.05,27.49,25.77625,0.0,0.0,76.0,13.8,0.0,false
661049,0.0,66.66666666666667,25.05,27.49,25.77625,0.0,0.0,76.0,13.8,0.0,false
662233,0.0,66.66666666666667,25.05,27.49,25.77625,0.0,0.0,76.0,13.8,0.0,false
663288,0.0,66.66666666666667,25.05,27.49,25.79,0.0,0.0,76.0,13.8,0.0,false
664313,0.0,66.66666666666667,25.05,27.49,25.79,0.0,0.0,76.0,13.8,0.0,false
665324,0.0,66.66666666666667,25.05,27.49,25.79,0.0,0.0,76.0,13.8,0.0,false
665485,0.0,66.66666666666667,25.05,27.49,25.79,0.0,0.0,76.0,13.8,0.0,false
666600,0.0,66.66666666666667,25.05,27.49,25.79,0.0,0.0,76.0,13.8,0.0,false
667840,0.0,66.66666666666667,25.05,27.49,25.77625,0.0,0.0,76.0,13.8,0.0,false
668966,0.0,66.66666666666667,25.05,27.49,25.77625,0.0,0.0,76.0,13.8,0.0,false
670068,0.0,66.66666666666667,25.05,27.49,25.77625,0.0,0.0,76.0,13.8,0.0,false
671122,0.0,66.66666666666667,25.05,27.49,25.77625,0.0,0.0,76.0,13.8,0.0,false
672239,0.0,66.27450980392157,25.05,27.49,25.805,0.0,0.0,76.0,13.8,0.0,false
673378,0.0,66.27450980392157,25.05,27.49,25.805,0.0,0.0,76.0,13.8,0.0,false
674586,0.0,66.27450980392157,25.05,27.49,25.805,0.0,0.0,76.0,13.8,0.0,false
675595,0.0,66.27450980392157,25.05,27.49,25.805,0.0,0.0,76.0,13.8,0.0,false
676632,0.0,66.27450980392157,25.05,27.49,25.805,0.0,0.0,76.0,13.8,0.0,false
677799,0.0,66.27450980392157,25.05,27.49,25.805,0.0,0.0,76.0,13.8,0.0,false
678910,0.0,66.27450980392157,25.05,27.49,25.805,0.0,0.0,75.0,13.8,0.0,false
679975,0.0,66.27450980392157,25.05,27.49,25.805,0.0,0.0,75.0,13.8,0.0,false
681214,0.0,66.27450980392157,25.05,27.49,25.805,0.0,0.0,75.0,13.8,0.0,false
682229,0.0,66.27450980392157,25.05,27.49,25.805,0.0,0.0,75.0,13.8,0.0,false
683261,0.0,66.27450980392157,25.05,27.49,25.805,0.0,0.0,75.0,13.8,0.0,false
684269,0.0,66.27450980392157,25.05,27.49,25.805,0.0,0.0,75.0,13.8,0.0,false
685292,0.0,66.27450980392157,25.05,27.49,25.805,0.0,0.0,75.0,13.8,0.0,false
686352,0.0,66.27450980392157,25.05,27.49,25.805,0.0,0.0,75.0,13.8,0.0,false
687476,0.0,66.27450980392157,25.05,27.49,25.805,0.0,0.0,75.0,13.8,0.0,false
688618,0.0,66.27450980392157,25.05,27.49,25.805,0.0,0.0,75.0,13.8,0.0,false
689826,0.0,66.27450980392157,25.05,27.49,25.805,0.0,0.0,75.0,13.8,0.0,false
690912,0.0,66.27450980392157,25.05,27.49,25.805,0.0,0.0,75.0,13.8,0.0,false
691918,0.0,66.27450980392157,25.05,27.49,25.805,0.0,0.0,75.0,13.8,0.0,false
693024,0.0,66.27450980392157,25.05,27.49,25.805,0.0,0.0,75.0,13.8,0.0,false
694200,0.0,66.27450980392157,25.05,27.49,25.805,0.0,0.0,75.0,13.8,0.0,false
695276,0.0,66.27450980392157,25.05,27.49,25.805,0.0,0.0,75.0,13.8,0.0,false
696284,0.0,66.27450980392157,25.05,27.49,25.805,0.0,0.0,75.0,13.8,0.0,false
697284,0.0,66.27450980392157,25.05,27.49,25.805,0.0,0.0,75.0,13.8,0.0,false
698295,0.0,66.27450980392157,25.05,27.49,25.805,0.0,0.0,75.0,13.8,0.0,false
699466,0.0,66.27450980392157,25.05,27.49,25.805,0.0,0.0,75.0,13.8,0.0,false
700599,0.0,66.27450980392157,25.05,27.49,25.805,0.0,0.0,75.0,13.8,0.0,false
701827,0.0,66.27450980392157,25.05,27.49,25.805,0.0,0.0,75.0,13.8,0.0,false
702968,0.0,66.27450980392157,25.05,27.49,25.805,0.0,0.0,75.0,13.8,0.0,false
703970,0.0,66.27450980392157,25.05,27.49,25.805,0.0,0.0,75.0,13.8,0.0,false
705015,0.0,66.27450980392157,25.05,27.49,25.805,0.0,0.0,75.0,13.8,0.0,false
706260,0.0,66.27450980392157,25.05,27.49,25.805,0.0,0.0,75.0,13.8,0.0,false
707266,0.0,66.27450980392157,25.05,27.49,25.79125,0.0,0.0,75.0,13.8,0.0,false
708499,0.0,66.27450980392157,25.05,27.49,25.79125,0.0,0.0,75.0,13.8,0.0,false
709744,0.0,66.27450980392157,25.05,27.49,25.79125,0.0,0.0,75.0,13.8,0.0,false
710819,0.0,66.27450980392157,25.05,27.49,25.79125,0.0,0.0,75.0,13.8,0.0,false
711852,0.0,66.27450980392157,25.05,27.49,25.79125,0.0,0.0,75.0,13.8,0.0,false
713002,0.0,66.27450980392157,25.05,27.49,25.79125,0.0,0.0,75.0,13.8,0.0,false
714022,0.0,66.27450980392157,25.05,27.49,25.79125,0.0,0.0,75.0,13.8,0.0,false
715049,0.0,66.27450980392157,25.05,27.49,25.79125,0.0,0.0,75.0,13.8,0.0,false
716057,0.0,66.27450980392157,25.05,27.49,25.79125,0.0,0.0,75.0,13.8,0.0,false
717240,0.0,66.27450980392157,25.05,27.6,25.81875,0.0,0.0,75.0,13.8,0.0,false
718391,0.0,66.27450980392157,25.05,27.6,25.81875,0.0,0.0,75.0,13.8,0.0,false
719486,0.0,66.27450980392157,25.05,27.6,25.81875,0.0,0.0,75.0,13.8,0.0,false
720548,0.0,66.27450980392157,25.05,27.6,25.81875,0.0,0.0,75.0,13.8,0.0,false
721563,0.0,66.27450980392157,25.05,27.6,25.805,0.0,0.0,75.0,13.8,0.0,false
722642,0.0,66.27450980392157,25.05,27.6,25.805,0.0,0.0,75.0,13.8,0.0,false
723693,0.0,66.27450980392157,25.05,27.6,25.805,0.0,0.0,75.0,13.8,0.0,false
724768,0.0,66.27450980392157,25.05,27.6,25.805,0.0,0.0,75.0,13.8,0.0,false
725805,0.0,66.27450980392157,25.05,27.6,25.805,0.0,0.0,75.0,13.8,0.0,false
726819,0.0,66.27450980392157,25.05,27.6,25.805,0.0,0.0,75.0,13.8,0.0,false
727847,0.0,65.88235294117648,25.05,27.6,25.805,0.0,0.0,75.0,13.8,0.0,false
728977,0.0,65.88235294117648,25.05,27.6,25.805,0.0,0.0,75.0,13.8,0.0,false
730067,0.0,65.88235294117648,25.05,27.6,25.805,0.0,0.0,75.0,13.8,0.0,false
731076,0.0,65.88235294117648,25.05,27.6,25.805,0.0,0.0,75.0,13.8,0.0,false
732284,0.0,65.88235294117648,25.05,27.6,25.81875,0.0,0.0,75.0,13.8,0.0,false
733406,0.0,65.88235294117648,25.05,27.6,25.81875,0.0,0.0,75.0,13.8,0.0,false
734490,0.0,65.88235294117648,25.05,27.6,25.81875,0.0,0.0,75.0,13.8,0.0,false
735559,0.0,65.88235294117648,25.05,27.6,25.81875,0.0,0.0,74.0,13.8,0.0,false
736636,0.0,65.88235294117648,25.05,27.6,25.805,0.0,0.0,74.0,13.8,0.0,false
737782,0.0,65.88235294117648,25.05,27.6,25.805,0.0,0.0,74.0,13.8,0.0,false
738909,0.0,65.88235294117648,25.05,27.6,25.805,0.0,0.0,74.0,13.8,0.0,false
739984,0.0,65.88235294117648,25.05,27.6,25.805,0.0,0.0,74.0,13.8,0.0,false
741025,0.0,65.88235294117648,25.05,27.6,25.805,0.0,0.0,74.0,13.8,0.0,false
742045,0.0,65.88235294117648,25.05,27.6,25.805,0.0,0.0,74.0,13.8,0.0,false
743090,0.0,65.88235294117648,25.05,27.6,25.805,0.0,0.0,74.0,13.8,0.0,false
744114,0.0,65.88235294117648,25.05,27.6,25.805,0.0,0.0,74.0,13.8,0.0,false
745384,0.0,65.88235294117648,25.05,27.6,25.805,0.0,0.0,74.0,13.8,0.0,false
746483,0.0,65.88235294117648,25.05,27.6,25.81875,0.0,0.0,74.0,13.8,0.0,false
747494,0.0,65.88235294117648,25.05,27.6,25.81875,0.0,0.0,74.0,13.8,0.0,false
748572,0.0,65.88235294117648,25.05,27.6,25.81875,0.0,0.0,74.0,13.8,0.0,false
749798,0.0,65.88235294117648,25.05,27.6,25.81875,0.0,0.0,74.0,13.8,0.0,false
751003,0.0,65.88235294117648,25.05,27.6,25.81875,0.0,0.0,74.0,13.8,0.0,false
752067,0.0,65.88235294117648,25.05,27.6,25.81875,0.0,0.0,74.0,13.8,0.0,false
753229,0.0,65.88235294117648,25.05,27.6,25.81875,0.0,0.0,74.0,13.8,0.0,false
754319,0.0,65.88235294117648,25.05,27.6,25.81875,0.0,0.0,74.0,13.8,0.0,false
755525,0.0,65.88235294117648,25.05,27.6,25.81875,0.0,0.0,74.0,13.8,0.0,false
756702,0.0,65.88235294117648,25.05,27.6,25.81875,0.0,0.0,74.0,13.8,0.0,false
757777,0.0,65.88235294117648,25.05,27.6,25.81875,0.0,0.0,74.0,13.8,0.0,false
759097,0.0,65.88235294117648,25.05,27.6,25.81875,0.0,0.0,74.0,13.8,0.0,false
760116,0.0,65.88235294117648,25.05,27.6,25.81875,0.0,0.0,74.0,13.8,0.0,false
761390,0.0,65.88235294117648,25.05,27.6,25.81875,0.0,0.0,74.0,13.8,0.0,false
762492,0.0,65.88235294117648,25.05,27.6,25.81875,0.0,0.0,74.0,13.8,0.0,false
763686,0.0,65.88235294117648,25.05,27.6,25.81875,0.0,0.0,73.0,13.8,0.0,false
764697,0.0,65.88235294117648,25.05,27.6,25.81875,0.0,0.0,73.0,13.8,0.0,false
765718,0.0,65.88235294117648,25.05,27.6,25.81875,0.0,0.0,73.0,13.8,0.0,false
766784,0.0,65.88235294117648,25.05,27.6,25.832500000000003,0.0,0.0,73.0,13.8,0.0,false
767790,0.0,65.88235294117648,25.05,27.6,25.832500000000003,0.0,0.0,73.0,13.8,0.0,false
768819,0.0,65.88235294117648,25.05,27.6,25.832500000000003,0.0,0.0,73.0,13.8,0.0,false
770061,0.0,65.88235294117648,25.05,27.6,25.832500000000003,0.0,0.0,73.0,13.8,0.0,false
771087,0.0,65.88235294117648,25.05,27.6,25.832500000000003,0.0,0.0,73.0,13.8,0.0,false
772241,0.0,65.88235294117648,25.05,27.6,25.83375,0.0,0.0,73.0,13.8,0.0,false
773272,0.0,65.88235294117648,25.05,27.6,25.83375,0.0,0.0,73.0,13.8,0.0,false
774352,0.0,65.88235294117648,25.05,27.6,25.83375,0.0,0.0,73.0,13.8,0.0,false
775441,0.0,65.88235294117648,25.05,27.6,25.83375,0.0,0.0,73.0,13.8,0.0,false
776492,0.0,65.88235294117648,25.05,27.6,25.83375,0.0,0.0,73.0,13.8,0.0,false
777616,0.0,65.88235294117648,25.05,27.6,25.83375,0.0,0.0,73.0,13.8,0.0,false
778835,0.0,65.88235294117648,25.05,27.6,25.83375,0.0,0.0,73.0,13.8,0.0,false
779936,0.0,65.88235294117648,25.05,27.6,25.83375,0.0,0.0,73.0,13.8,0.0,false
780985,0.0,65.88235294117648,25.05,27.6,25.83375,0.0,0.0,73.0,13.8,0.0,false
782086,0.0,65.88235294117648,25.05,27.6,25.83375,0.0,0.0,73.0,13.8,0.0,false
783150,0.0,65.49019607843138,25.05,27.6,25.83375,0.0,0.0,73.0,13.8,0.0,false
784253,0.0,65.49019607843138,25.05,27.6,25.83375,0.0,0.0,73.0,13.8,0.0,false
785391,0.0,65.49019607843138,25.05,27.6,25.83375,0.0,0.0,73.0,13.8,0.0,false
786413,0.0,65.49019607843138,25.05,27.6,25.83375,0.0,0.0,73.0,13.8,0.0,false
787556,0.0,65.49019607843138,25.05,27.6,25.84875,0.0,0.0,73.0,13.8,0.0,false
788595,0.0,65.49019607843138,25.05,27.6,25.84875,0.0,0.0,73.0,13.8,0.0,false
789693,0.0,65.49019607843138,25.05,27.6,25.84875,0.0,0.0,73.0,13.8,0.0,false
790798,0.0,65.49019607843138,25.05,27.6,25.84875,0.0,0.0,73.0,13.8,0.0,false
791837,0.0,65.49019607843138,25.05,27.6,25.83375,0.0,0.0,73.0,13.8,0.0,false
792846,0.0,65.49019607843138,25.05,27.6,25.83375,0.0,0.0,73.0,13.8,0.0,false
794000,0.0,65.49019607843138,25.05,27.6,25.83375,0.0,0.0,73.0,13.8,0.0,false
795010,0.0,65.49019607843138,25.05,27.6,25.83375,0.0,0.0,73.0,13.8,0.0,false
796200,0.0,65.49019607843138,25.05,27.6,25.83375,0.0,0.0,73.0,13.8,0.0,false
797405,0.0,65.49019607843138,25.05,27.6,25.84875,0.0,0.0,73.0,13.8,0.0,false
798500,0.0,65.49019607843138,25.05,27.6,25.84875,0.0,0.0,73.0,13.8,0.0,false
799850,0.0,65.49019607843138,25.05,27.6,25.84875,0.0,0.0,73.0,13.8,0.0,false
800972,0.0,65.49019607843138,25.05,27.6,25.84875,0.0,0.0,73.0,13.8,0.0,false
802242,0.0,65.49019607843138,25.05,27.6,25.83375,0.0,0.0,72.0,13.8,0.0,false
803275,0.0,65.49019607843138,25.05,27.6,25.83375,0.0,0.0,72.0,13.8,0.0,false
804413,0.0,65.49019607843138,25.05,27.6,25.83375,0.0,0.0,72.0,13.8,0.0,false
805445,0.0,65.49019607843138,25.05,27.6,25.83375,0.0,0.0,72.0,13.8,0.0,false
806493,0.0,65.49019607843138,25.05,27.6,25.84875,0.0,0.0,72.0,13.8,0.0,false
807520,0.0,65.49019607843138,25.05,27.6,25.84875,0.0,0.0,72.0,13.8,0.0,false
808566,0.0,65.49019607843138,25.05,27.6,25.84875,0.0,0.0,72.0,13.8,0.0,false
809800,0.0,65.49019607843138,25.05,27.6,25.84875,0.0,0.0,72.0,13.8,0.0,false
810913,0.0,65.49019607843138,25.05,27.6,25.84875,0.0,0.0,72.0,13.8,0.0,false
811966,0.0,65.49019607843138,25.05,27.6,25.84875,0.0,0.0,72.0,13.8,0.0,false
813214,0.0,65.49019607843138,25.05,27.6,25.84875,0.0,0.0,72.0,13.8,0.0,false
814245,0.0,65.49019607843138,25.05,27.6,25.84875,0.0,0.0,72.0,13.8,0.0,false
815275,0.0,65.49019607843138,25.05,27.6,25.84875,0.0,0.0,72.0,13.8,0.0,false
816277,0.0,65.49019607843138,25.05,27.6,25.84875,0.0,0.0,72.0,13.8,0.0,false
817281,0.0,65.49019607843138,25.05,27.6,25.84875,0.0,0.0,72.0,13.8,0.0,false
818363,0.0,65.49019607843138,25.05,27.6,25.84875,0.0,0.0,72.0,13.8,0.0,false
819480,0.0,65.49019607843138,25.05,27.6,25.84875,0.0,0.0,72.0,13.8,0.0,false
820613,0.0,65.49019607843138,25.05,27.6,25.84875,0.0,0.0,72.0,13.8,0.0,false
821719,0.0,65.49019607843138,25.05,27.6,25.83375,0.0,0.0,72.0,13.8,0.0,false
822746,0.0,65.49019607843138,25.05,27.6,25.83375,0.0,0.0,72.0,13.8,0.0,false
823806,0.0,65.49019607843138,25.05,27.6,25.83375,0.0,0.0,72.0,13.8,0.0,false
825011,0.0,65.49019607843138,25.05,27.6,25.83375,0.0,0.0,72.0,13.8,0.0,false
826051,0.0,65.49019607843138,25.05,27.6,25.83375,0.0,0.0,71.0,13.8,0.0,false
827121,0.0,65.49019607843138,25.05,27.6,25.84875,0.0,0.0,71.0,13.8,0.0,false
828346,0.0,65.49019607843138,25.05,27.6,25.84875,0.0,0.0,71.0,13.8,0.0,false
829383,0.0,65.49019607843138,25.05,27.6,25.84875,0.0,0.0,71.0,13.8,0.0,false
830443,0.0,65.49019607843138,25.05,27.6,25.84875,0.0,0.0,71.0,13.8,0.0,false
831475,0.0,65.49019607843138,25.05,27.6,25.84875,0.0,0.0,71.0,13.8,0.0,false
832506,0.0,65.49019607843138,25.05,27.6,25.84875,0.0,0.0,71.0,13.8,0.0,false
833508,0.0,65.49019607843138,25.05,27.6,25.84875,0.0,0.0,71.0,13.8,0.0,false
834520,0.0,65.49019607843138,25.05,27.6,25.84875,0.0,0.0,71.0,13.8,0.0,false
835661,0.0,65.49019607843138,25.05,27.6,25.84875,0.0,0.0,71.0,13.8,0.0,false
836682,0.0,65.49019607843138,25.05,27.6,25.84875,0.0,0.0,71.0,13.8,0.0,false
837701,0.0,65.49019607843138,25.05,27.6,25.84875,0.0,0.0,71.0,13.8,0.0,false
838758,0.0,65.49019607843138,25.05,27.6,25.84875,0.0,0.0,71.0,13.8,0.0,false
839789,0.0,65.09803921568628,25.05,27.6,25.84875,0.0,0.0,71.0,13.8,0.0,false
840891,0.0,65.09803921568628,25.05,27.6,25.84875,0.0,0.0,71.0,13.8,0.0,false
842020,0.0,65.09803921568628,25.05,27.6,25.84875,0.0,0.0,71.0,13.8,0.0,false
843031,0.0,65.09803921568628,25.05,27.6,25.84875,0.0,0.0,71.0,13.8,0.0,false
844119,0.0,65.09803921568628,25.05,27.6,25.84875,0.0,0.0,71.0,13.8,0.0,false
845485,0.0,65.09803921568628,25.05,27.6,25.84875,0.0,0.0,71.0,13.8,0.0,false
846498,0.0,65.09803921568628,25.05,27.6,25.84875,0.0,0.0,71.0,13.8,0.0,false
847553,0.0,65.09803921568628,25.05,27.6,25.84875,0.0,0.0,71.0,13.8,0.0,false
848621,0.0,65.09803921568628,25.05,27.6,25.84875,0.0,0.0,71.0,13.8,0.0,false
849674,0.0,65.09803921568628,25.05,27.6,25.84875,0.0,0.0,71.0,13.8,0.0,false
850832,0.0,65.09803921568628,25.05,27.6,25.84875,0.0,0.0,71.0,13.8,0.0,false
851895,0.0,65.09803921568628,25.05,27.72,25.86375,0.0,0.0,71.0,13.8,0.0,false
852996,0.0,65.09803921568628,25.05,27.72,25.86375,0.0,0.0,71.0,13.8,0.0,false
854001,0.0,65.09803921568628,25.05,27.72,25.86375,0.0,0.0,71.0,13.8,0.0,false
855131,0.0,65.09803921568628,25.05,27.72,25.86375,0.0,0.0,71.0,13.8,0.0,false
856187,0.0,65.09803921568628,25.05,27.72,25.86375,0.0,0.0,71.0,13.8,0.0,false
857315,0.0,65.09803921568628,25.05,27.72,25.86375,0.0,0.0,71.0,13.8,0.0,false
858615,0.0,65.09803921568628,25.05,27.72,25.86375,0.0,0.0,71.0,13.8,0.0,false
859819,0.0,65.09803921568628,25.05,27.72,25.86375,0.0,0.0,71.0,13.8,0.0,false
860972,0.0,65.09803921568628,25.05,27.72,25.86375,0.0,0.0,71.0,13.8,0.0,false
861992,0.0,65.09803921568628,25.05,27.72,25.86375,0.0,0.0,71.0,13.8,0.0,false
863037,0.0,65.09803921568628,25.05,27.72,25.86375,0.0,0.0,71.0,13.8,0.0,false
864072,0.0,65.09803921568628,25.05,27.72,25.86375,0.0,0.0,71.0,13.8,0.0,false
865381,0.0,65.09803921568628,25.05,27.72,25.86375,0.0,0.0,71.0,13.8,0.0,false
866729,0.0,65.09803921568628,25.05,27.72,25.86375,0.0,0.0,71.0,13.8,0.0,false
867796,0.0,65.09803921568628,25.05,27.72,25.86375,0.0,0.0,71.0,13.8,0.0,false
869021,0.0,65.09803921568628,25.05,27.72,25.86375,0.0,0.0,71.0,13.8,0.0,false
870077,0.0,65.09803921568628,25.05,27.72,25.86375,0.0,0.0,71.0,13.8,0.0,false
871146,0.0,65.09803921568628,25.05,27.72,25.86375,0.0,0.0,71.0,13.8,0.0,false
872204,0.0,65.09803921568628,25.05,27.72,25.86375,0.0,0.0,71.0,13.8,0.0,false
873274,0.0,65.09803921568628,25.05,27.72,25.86375,0.0,0.0,71.0,13.8,0.0,false
874558,0.0,65.09803921568628,25.05,27.72,25.86375,0.0,0.0,71.0,13.8,0.0,false
875772,0.0,65.09803921568628,25.05,27.72,25.86375,0.0,0.0,71.0,13.8,0.0,false
876870,0.0,65.09803921568628,25.05,27.72,25.86375,0.0,0.0,71.0,13.8,0.0,false
878064,0.0,65.09803921568628,25.05,27.72,25.86375,0.0,0.0,71.0,13.8,0.0,false
879083,0.0,65.09803921568628,25.05,27.72,25.86375,0.0,0.0,71.0,13.8,0.0,false
880082,0.0,65.09803921568628,25.05,27.72,25.86375,0.0,0.0,71.0,13.8,0.0,false
881121,0.0,65.09803921568628,25.05,27.72,25.86375,0.0,0.0,71.0,13.8,0.0,false
882185,0.0,65.09803921568628,25.05,27.72,25.86375,0.0,0.0,71.0,13.8,0.0,false
883415,0.0,65.09803921568628,25.05,27.72,25.86375,0.0,0.0,71.0,13.8,0.0,false
884633,0.0,65.09803921568628,25.05,27.72,25.86375,0.0,0.0,71.0,13.8,0.0,false
885636,0.0,65.09803921568628,25.05,27.72,25.86375,0.0,0.0,71.0,13.8,0.0,false
886797,0.0,65.09803921568628,25.05,27.72,25.86375,0.0,0.0,70.0,13.8,0.0,false
887800,0.0,65.09803921568628,25.05,27.72,25.86375,0.0,0.0,70.0,13.8,0.0,false
888815,0.0,65.09803921568628,25.05,27.72,25.86375,0.0,0.0,70.0,13.8,0.0,false
889904,0.0,65.09803921568628,25.05,27.72,25.86375,0.0,0.0,70.0,13.8,0.0,false
891058,0.0,65.09803921568628,25.05,27.72,25.86375,0.0,0.0,70.0,13.8,0.0,false
892185,0.0,65.09803921568628,25.05,27.72,25.86375,0.0,0.0,70.0,13.8,0.0,false
893229,0.0,65.09803921568628,25.05,27.72,25.86375,0.0,0.0,70.0,13.8,0.0,false
894230,0.0,65.09803921568628,25.05,27.72,25.86375,0.0,0.0,70.0,13.8,0.0,false
895415,0.0,64.70588235294117,25.05,27.72,25.86375,0.0,0.0,70.0,13.8,0.0,false
896592,0.0,64.70588235294117,25.05,27.72,25.86375,0.0,0.0,70.0,13.8,0.0,false
897606,0.0,64.70588235294117,25.05,27.72,25.86375,0.0,0.0,70.0,13.8,0.0,false
898722,0.0,64.70588235294117,25.05,27.72,25.86375,0.0,0.0,70.0,13.8,0.0,false
899770,0.0,64.70588235294117,25.05,27.72,25.86375,0.0,0.0,70.0,13.8,0.0,false
900795,0.0,64.70588235294117,25.05,27.72,25.86375,0.0,0.0,70.0,13.8,0.0,false
901865,0.0,64.70588235294117,25.05,27.72,25.86375,0.0,0.0,70.0,13.8,0.0,false
903015,0.0,64.70588235294117,25.05,27.72,25.86375,0.0,0.0,70.0,13.8,0.0,false
904237,0.0,64.70588235294117,25.05,27.72,25.86375,0.0,0.0,70.0,13.8,0.0,false
905391,0.0,64.70588235294117,25.05,27.72,25.86375,0.0,0.0,70.0,13.8,0.0,false
906418,0.0,64.70588235294117,25.05,27.72,25.86375,0.0,0.0,70.0,13.8,0.0,false
907613,0.0,64.70588235294117,25.05,27.72,25.86375,0.0,0.0,70.0,13.8,0.0,false
908629,0.0,64.70588235294117,25.05,27.72,25.86375,0.0,0.0,70.0,13.8,0.0,false
909757,0.0,64.70588235294117,25.05,27.72,25.86375,0.0,0.0,70.0,13.8,0.0,false
910815,0.0,64.70588235294117,25.05,27.72,25.86375,0.0,0.0,70.0,13.8,0.0,false
911819,0.0,64.70588235294117,25.05,27.72,25.86375,0.0,0.0,70.0,13.8,0.0,false
912982,0.0,64.70588235294117,25.05,27.72,25.86375,0.0,0.0,70.0,13.8,0.0,false
914009,0.0,64.70588235294117,25.05,27.72,25.86375,0.0,0.0,70.0,13.8,0.0,false
915104,0.0,64.70588235294117,25.05,27.72,25.86375,0.0,0.0,70.0,13.8,0.0,false
916160,0.0,64.70588235294117,25.05,27.72,25.86375,0.0,0.0,70.0,13.8,0.0,false
917406,0.0,64.70588235294117,25.05,27.72,25.86375,0.0,0.0,70.0,13.8,0.0,false
918606,0.0,64.70588235294117,25.05,27.72,25.86375,0.0,0.0,70.0,13.8,0.0,false
919818,0.0,64.70588235294117,25.05,27.72,25.86375,0.0,0.0,70.0,13.8,0.0,false
920968,0.0,64.70588235294117,25.05,27.72,25.86375,0.0,0.0,70.0,13.8,0.0,false
922111,0.0,64.70588235294117,25.05,27.72,25.86375,0.0,0.0,70.0,13.8,0.0,false
923120,0.0,64.70588235294117,25.05,27.72,25.86375,0.0,0.0,70.0,13.8,0.0,false
924131,0.0,64.70588235294117,25.05,27.72,25.86375,0.0,0.0,70.0,13.8,0.0,false
925223,0.0,64.70588235294117,25.05,27.72,25.86375,0.0,0.0,70.0,13.8,0.0,false
926274,0.0,64.70588235294117,25.05,27.72,25.86375,0.0,0.0,70.0,13.8,0.0,false
927475,0.0,64.70588235294117,25.05,27.72,25.86375,0.0,0.0,70.0,13.8,0.0,false
928566,0.0,64.70588235294117,25.05,27.72,25.86375,0.0,0.0,70.0,13.8,0.0,false
929808,0.0,64.70588235294117,25.05,27.72,25.86375,0.0,0.0,70.0,13.8,0.0,false
931043,0.0,64.70588235294117,25.05,27.72,25.86375,0.0,0.0,70.0,13.8,0.0,false
932062,0.0,64.70588235294117,25.05,27.72,25.86375,0.0,0.0,70.0,13.8,0.0,false
933108,0.0,64.70588235294117,25.05,27.72,25.86375,0.0,0.0,70.0,13.8,0.0,false
934160,0.0,64.70588235294117,25.05,27.72,25.86375,0.0,0.0,70.0,13.8,0.0,false
935379,0.0,64.70588235294117,25.05,27.72,25.86375,0.0,0.0,70.0,13.8,0.0,false
936490,0.0,64.70588235294117,25.05,27.72,25.86375,0.0,0.0,70.0,13.8,0.0,false
937545,0.0,64.70588235294117,25.05,27.72,25.86375,0.0,0.0,70.0,13.8,0.0,false
938616,0.0,64.70588235294117,25.05,27.72,25.86375,0.0,0.0,70.0,13.8,0.0,false
939798,0.0,64.70588235294117,25.05,27.72,25.86375,0.0,0.0,70.0,13.8,0.0,false
940963,0.0,64.70588235294117,25.05,27.72,25.86375,0.0,0.0,70.0,13.8,0.0,false
942048,0.0,64.70588235294117,25.05,27.72,25.86375,0.0,0.0,70.0,13.8,0.0,false
943104,0.0,64.70588235294117,25.05,27.72,25.86375,0.0,0.0,70.0,13.8,0.0,false
944207,0.0,64.70588235294117,25.05,27.72,25.86375,0.0,0.0,70.0,13.8,0.0,false
945275,0.0,64.70588235294117,25.05,27.72,25.86375,0.0,0.0,70.0,13.8,0.0,false
946308,0.0,64.70588235294117,25.05,27.72,25.86375,0.0,0.0,70.0,13.8,0.0,false
